split,relation,depth_mode,depth_bucket,count,fraction_within_relation,relation_train_frequency
test,concept:academicfieldconcernssubject,undirected,>4_or_unreachable,2,1.0,30
test,concept:academicfieldsuchasacademicfield,undirected,1,1,0.06666666666666667,101
test,concept:academicfieldsuchasacademicfield,undirected,2,7,0.4666666666666667,101
test,concept:academicfieldsuchasacademicfield,undirected,3,5,0.3333333333333333,101
test,concept:academicfieldsuchasacademicfield,undirected,4,2,0.13333333333333333,101
test,concept:academicprogramatuniversity,undirected,2,6,0.24,225
test,concept:academicprogramatuniversity,undirected,3,13,0.52,225
test,concept:academicprogramatuniversity,undirected,4,5,0.2,225
test,concept:academicprogramatuniversity,undirected,>4_or_unreachable,1,0.04,225
test,concept:acquired,undirected,4,1,0.2,62
test,concept:acquired,undirected,>4_or_unreachable,4,0.8,62
test,concept:actorstarredinmovie,undirected,>4_or_unreachable,1,1.0,74
test,concept:agentactsinlocation,undirected,1,2,0.03571428571428571,276
test,concept:agentactsinlocation,undirected,2,4,0.07142857142857142,276
test,concept:agentactsinlocation,undirected,3,25,0.44642857142857145,276
test,concept:agentactsinlocation,undirected,4,6,0.10714285714285714,276
test,concept:agentactsinlocation,undirected,>4_or_unreachable,19,0.3392857142857143,276
test,concept:agentbelongstoorganization,undirected,1,3,0.23076923076923078,87
test,concept:agentbelongstoorganization,undirected,3,6,0.46153846153846156,87
test,concept:agentbelongstoorganization,undirected,4,1,0.07692307692307693,87
test,concept:agentbelongstoorganization,undirected,>4_or_unreachable,3,0.23076923076923078,87
test,concept:agentcollaborateswithagent,undirected,1,23,0.41818181818181815,304
test,concept:agentcollaborateswithagent,undirected,2,2,0.03636363636363636,304
test,concept:agentcollaborateswithagent,undirected,3,13,0.23636363636363636,304
test,concept:agentcollaborateswithagent,undirected,4,7,0.12727272727272726,304
test,concept:agentcollaborateswithagent,undirected,>4_or_unreachable,10,0.18181818181818182,304
test,concept:agentcompeteswithagent,undirected,1,11,0.2037037037037037,198
test,concept:agentcompeteswithagent,undirected,2,8,0.14814814814814814,198
test,concept:agentcompeteswithagent,undirected,3,13,0.24074074074074073,198
test,concept:agentcompeteswithagent,undirected,4,7,0.12962962962962962,198
test,concept:agentcompeteswithagent,undirected,>4_or_unreachable,14,0.25925925925925924,198
test,concept:agentcompeteswithagent,undirected,self_loop,1,0.018518518518518517,198
test,concept:agentcontributedtocreativework,undirected,1,3,0.375,173
test,concept:agentcontributedtocreativework,undirected,3,1,0.125,173
test,concept:agentcontributedtocreativework,undirected,>4_or_unreachable,4,0.5,173
test,concept:agentcontrols,undirected,1,16,0.34782608695652173,293
test,concept:agentcontrols,undirected,2,2,0.043478260869565216,293
test,concept:agentcontrols,undirected,3,12,0.2608695652173913,293
test,concept:agentcontrols,undirected,4,4,0.08695652173913043,293
test,concept:agentcontrols,undirected,>4_or_unreachable,12,0.2608695652173913,293
test,concept:agentcreated,undirected,1,21,0.3620689655172414,764
test,concept:agentcreated,undirected,2,1,0.017241379310344827,764
test,concept:agentcreated,undirected,3,8,0.13793103448275862,764
test,concept:agentcreated,undirected,4,6,0.10344827586206896,764
test,concept:agentcreated,undirected,>4_or_unreachable,22,0.3793103448275862,764
test,concept:agentinvolvedwithitem,undirected,2,1,0.02631578947368421,211
test,concept:agentinvolvedwithitem,undirected,3,12,0.3157894736842105,211
test,concept:agentinvolvedwithitem,undirected,4,7,0.18421052631578946,211
test,concept:agentinvolvedwithitem,undirected,>4_or_unreachable,18,0.47368421052631576,211
test,concept:agentparticipatedinevent,undirected,2,5,0.09615384615384616,229
test,concept:agentparticipatedinevent,undirected,3,27,0.5192307692307693,229
test,concept:agentparticipatedinevent,undirected,4,6,0.11538461538461539,229
test,concept:agentparticipatedinevent,undirected,>4_or_unreachable,14,0.2692307692307692,229
test,concept:agriculturalproductcamefromcountry,undirected,3,8,0.5333333333333333,21
test,concept:agriculturalproductcamefromcountry,undirected,4,4,0.26666666666666666,21
test,concept:agriculturalproductcamefromcountry,undirected,>4_or_unreachable,3,0.2,21
test,concept:agriculturalproductcomingfromvertebrate,undirected,4,1,0.5,71
test,concept:agriculturalproductcomingfromvertebrate,undirected,>4_or_unreachable,1,0.5,71
test,concept:agriculturalproductcontainchemical,undirected,2,1,0.07692307692307693,44
test,concept:agriculturalproductcontainchemical,undirected,4,2,0.15384615384615385,44
test,concept:agriculturalproductcontainchemical,undirected,>4_or_unreachable,10,0.7692307692307693,44
test,concept:agriculturalproductcookedwithagriculturalproduct,undirected,1,8,0.12121212121212122,214
test,concept:agriculturalproductcookedwithagriculturalproduct,undirected,2,22,0.3333333333333333,214
test,concept:agriculturalproductcookedwithagriculturalproduct,undirected,3,24,0.36363636363636365,214
test,concept:agriculturalproductcookedwithagriculturalproduct,undirected,4,5,0.07575757575757576,214
test,concept:agriculturalproductcookedwithagriculturalproduct,undirected,>4_or_unreachable,7,0.10606060606060606,214
test,concept:agriculturalproductcutintogeometricshape,undirected,2,3,0.3333333333333333,41
test,concept:agriculturalproductcutintogeometricshape,undirected,3,4,0.4444444444444444,41
test,concept:agriculturalproductcutintogeometricshape,undirected,>4_or_unreachable,2,0.2222222222222222,41
test,concept:agriculturalproductgrowinginstateorprovince,undirected,3,2,0.4,15
test,concept:agriculturalproductgrowinginstateorprovince,undirected,4,1,0.2,15
test,concept:agriculturalproductgrowinginstateorprovince,undirected,>4_or_unreachable,2,0.4,15
test,concept:agriculturalproductgrowninlandscapefeatures,undirected,>4_or_unreachable,1,1.0,25
test,concept:agriculturalproductincludingagriculturalproduct,undirected,2,1,0.05263157894736842,73
test,concept:agriculturalproductincludingagriculturalproduct,undirected,3,2,0.10526315789473684,73
test,concept:agriculturalproductincludingagriculturalproduct,undirected,4,4,0.21052631578947367,73
test,concept:agriculturalproductincludingagriculturalproduct,undirected,>4_or_unreachable,12,0.631578947368421,73
test,concept:agriculturalproducttoattractinsect,undirected,1,1,0.1111111111111111,28
test,concept:agriculturalproducttoattractinsect,undirected,2,3,0.3333333333333333,28
test,concept:agriculturalproducttoattractinsect,undirected,3,4,0.4444444444444444,28
test,concept:agriculturalproducttoattractinsect,undirected,4,1,0.1111111111111111,28
test,concept:airportincity,undirected,1,3,1.0,62
test,concept:animaldevelopdisease,undirected,2,1,0.04,119
test,concept:animaldevelopdisease,undirected,3,8,0.32,119
test,concept:animaldevelopdisease,undirected,4,2,0.08,119
test,concept:animaldevelopdisease,undirected,>4_or_unreachable,14,0.56,119
test,concept:animaleatfood,undirected,3,2,0.3333333333333333,118
test,concept:animaleatfood,undirected,4,3,0.5,118
test,concept:animaleatfood,undirected,>4_or_unreachable,1,0.16666666666666666,118
test,concept:animaleatvegetable,undirected,2,1,0.125,44
test,concept:animaleatvegetable,undirected,3,4,0.5,44
test,concept:animaleatvegetable,undirected,4,1,0.125,44
test,concept:animaleatvegetable,undirected,>4_or_unreachable,2,0.25,44
test,concept:animalistypeofanimal,undirected,1,19,0.24675324675324675,280
test,concept:animalistypeofanimal,undirected,2,17,0.22077922077922077,280
test,concept:animalistypeofanimal,undirected,3,32,0.4155844155844156,280
test,concept:animalistypeofanimal,undirected,4,8,0.1038961038961039,280
test,concept:animalistypeofanimal,undirected,>4_or_unreachable,1,0.012987012987012988,280
test,concept:animalpreyson,undirected,1,29,0.3411764705882353,257
test,concept:animalpreyson,undirected,2,27,0.3176470588235294,257
test,concept:animalpreyson,undirected,3,23,0.27058823529411763,257
test,concept:animalpreyson,undirected,4,3,0.03529411764705882,257
test,concept:animalpreyson,undirected,>4_or_unreachable,2,0.023529411764705882,257
test,concept:animalpreyson,undirected,self_loop,1,0.011764705882352941,257
test,concept:animalsuchasfish,undirected,1,1,0.1,61
test,concept:animalsuchasfish,undirected,3,2,0.2,61
test,concept:animalsuchasfish,undirected,>4_or_unreachable,7,0.7,61
test,concept:animalsuchasinsect,undirected,1,8,0.32,90
test,concept:animalsuchasinsect,undirected,2,12,0.48,90
test,concept:animalsuchasinsect,undirected,3,5,0.2,90
test,concept:animalsuchasinvertebrate,undirected,1,5,0.3125,45
test,concept:animalsuchasinvertebrate,undirected,2,2,0.125,45
test,concept:animalsuchasinvertebrate,undirected,3,5,0.3125,45
test,concept:animalsuchasinvertebrate,undirected,4,2,0.125,45
test,concept:animalsuchasinvertebrate,undirected,>4_or_unreachable,2,0.125,45
test,concept:animalthatfeedoninsect,undirected,1,13,0.3939393939393939,59
test,concept:animalthatfeedoninsect,undirected,2,13,0.3939393939393939,59
test,concept:animalthatfeedoninsect,undirected,3,5,0.15151515151515152,59
test,concept:animalthatfeedoninsect,undirected,4,2,0.06060606060606061,59
test,concept:arterycalledartery,undirected,1,2,0.4,47
test,concept:arterycalledartery,undirected,2,1,0.2,47
test,concept:arterycalledartery,undirected,3,2,0.4,47
test,concept:arthropodandotherarthropod,undirected,1,10,0.5,51
test,concept:arthropodandotherarthropod,undirected,2,6,0.3,51
test,concept:arthropodandotherarthropod,undirected,3,2,0.1,51
test,concept:arthropodandotherarthropod,undirected,4,1,0.05,51
test,concept:arthropodandotherarthropod,undirected,>4_or_unreachable,1,0.05,51
test,concept:arthropodcalledarthropod,undirected,1,10,0.45454545454545453,62
test,concept:arthropodcalledarthropod,undirected,2,6,0.2727272727272727,62
test,concept:arthropodcalledarthropod,undirected,3,3,0.13636363636363635,62
test,concept:arthropodcalledarthropod,undirected,4,1,0.045454545454545456,62
test,concept:arthropodcalledarthropod,undirected,>4_or_unreachable,2,0.09090909090909091,62
test,concept:atdate,undirected,2,30,0.03464203233256351,2535
test,concept:atdate,undirected,3,758,0.8752886836027713,2535
test,concept:atdate,undirected,4,39,0.04503464203233257,2535
test,concept:atdate,undirected,>4_or_unreachable,39,0.04503464203233257,2535
test,concept:athletebeatathlete,undirected,1,1,0.1,26
test,concept:athletebeatathlete,undirected,3,4,0.4,26
test,concept:athletebeatathlete,undirected,4,1,0.1,26
test,concept:athletebeatathlete,undirected,>4_or_unreachable,4,0.4,26
test,concept:athleteflyouttosportsteamposition,undirected,3,26,0.8666666666666667,143
test,concept:athleteflyouttosportsteamposition,undirected,4,3,0.1,143
test,concept:athleteflyouttosportsteamposition,undirected,>4_or_unreachable,1,0.03333333333333333,143
test,concept:athletehomestadium,undirected,2,4,0.36363636363636365,87
test,concept:athletehomestadium,undirected,3,2,0.18181818181818182,87
test,concept:athletehomestadium,undirected,4,3,0.2727272727272727,87
test,concept:athletehomestadium,undirected,>4_or_unreachable,2,0.18181818181818182,87
test,concept:athleteinjuredhisbodypart,undirected,3,2,0.18181818181818182,34
test,concept:athleteinjuredhisbodypart,undirected,4,1,0.09090909090909091,34
test,concept:athleteinjuredhisbodypart,undirected,>4_or_unreachable,8,0.7272727272727273,34
test,concept:athleteledsportsteam,undirected,1,2,0.15384615384615385,66
test,concept:athleteledsportsteam,undirected,2,1,0.07692307692307693,66
test,concept:athleteledsportsteam,undirected,4,5,0.38461538461538464,66
test,concept:athleteledsportsteam,undirected,>4_or_unreachable,5,0.38461538461538464,66
test,concept:athleteplaysforteam,undirected,1,1,0.041666666666666664,128
test,concept:athleteplaysforteam,undirected,2,2,0.08333333333333333,128
test,concept:athleteplaysforteam,undirected,3,10,0.4166666666666667,128
test,concept:athleteplaysforteam,undirected,4,8,0.3333333333333333,128
test,concept:athleteplaysforteam,undirected,>4_or_unreachable,3,0.125,128
test,concept:athleteplaysinleague,undirected,2,1,0.037037037037037035,136
test,concept:athleteplaysinleague,undirected,3,20,0.7407407407407407,136
test,concept:athleteplaysinleague,undirected,4,2,0.07407407407407407,136
test,concept:athleteplaysinleague,undirected,>4_or_unreachable,4,0.14814814814814814,136
test,concept:athleteplayssport,undirected,2,1,0.043478260869565216,227
test,concept:athleteplayssport,undirected,3,15,0.6521739130434783,227
test,concept:athleteplayssport,undirected,4,3,0.13043478260869565,227
test,concept:athleteplayssport,undirected,>4_or_unreachable,4,0.17391304347826086,227
test,concept:athleteplayssportsteamposition,undirected,3,1,0.14285714285714285,32
test,concept:athleteplayssportsteamposition,undirected,4,1,0.14285714285714285,32
test,concept:athleteplayssportsteamposition,undirected,>4_or_unreachable,5,0.7142857142857143,32
test,concept:athletewinsawardtrophytournament,undirected,3,1,0.16666666666666666,25
test,concept:athletewinsawardtrophytournament,undirected,4,3,0.5,25
test,concept:athletewinsawardtrophytournament,undirected,>4_or_unreachable,2,0.3333333333333333,25
test,concept:atlocation,undirected,1,14,0.112,738
test,concept:atlocation,undirected,2,2,0.016,738
test,concept:atlocation,undirected,3,72,0.576,738
test,concept:atlocation,undirected,4,13,0.104,738
test,concept:atlocation,undirected,>4_or_unreachable,24,0.192,738
test,concept:attractionofcity,undirected,1,1,1.0,60
test,concept:automakerproducesmodel,undirected,1,1,0.14285714285714285,56
test,concept:automakerproducesmodel,undirected,3,3,0.42857142857142855,56
test,concept:automakerproducesmodel,undirected,>4_or_unreachable,3,0.42857142857142855,56
test,concept:automobilemakercardealersinstateorprovince,undirected,3,3,0.5,26
test,concept:automobilemakercardealersinstateorprovince,undirected,4,3,0.5,26
test,concept:automobilemakerdealersincity,undirected,2,1,0.06666666666666667,46
test,concept:automobilemakerdealersincity,undirected,3,7,0.4666666666666667,46
test,concept:automobilemakerdealersincity,undirected,4,3,0.2,46
test,concept:automobilemakerdealersincity,undirected,>4_or_unreachable,4,0.26666666666666666,46
test,concept:automobilemakerdealersincountry,undirected,3,4,0.5,16
test,concept:automobilemakerdealersincountry,undirected,4,3,0.375,16
test,concept:automobilemakerdealersincountry,undirected,>4_or_unreachable,1,0.125,16
test,concept:awardtrophytournamentisthechampionshipgameofthenationalsport,undirected,3,2,1.0,19
test,concept:bacteriaisthecausativeagentofphysiologicalcondition,undirected,3,1,0.5,78
test,concept:bacteriaisthecausativeagentofphysiologicalcondition,undirected,>4_or_unreachable,1,0.5,78
test,concept:bakedgoodservedwithbeverage,undirected,3,4,0.2222222222222222,105
test,concept:bakedgoodservedwithbeverage,undirected,4,2,0.1111111111111111,105
test,concept:bakedgoodservedwithbeverage,undirected,>4_or_unreachable,12,0.6666666666666666,105
test,concept:bankbankincountry,undirected,2,1,0.04,82
test,concept:bankbankincountry,undirected,3,19,0.76,82
test,concept:bankbankincountry,undirected,4,2,0.08,82
test,concept:bankbankincountry,undirected,>4_or_unreachable,3,0.12,82
test,concept:bankboughtbank,undirected,2,1,0.3333333333333333,20
test,concept:bankboughtbank,undirected,3,1,0.3333333333333333,20
test,concept:bankboughtbank,undirected,>4_or_unreachable,1,0.3333333333333333,20
test,concept:beveragecontainsprotein,undirected,3,1,1.0,10
test,concept:beveragemadefrombeverage,undirected,2,4,0.3076923076923077,94
test,concept:beveragemadefrombeverage,undirected,3,3,0.23076923076923078,94
test,concept:beveragemadefrombeverage,undirected,4,3,0.23076923076923078,94
test,concept:beveragemadefrombeverage,undirected,>4_or_unreachable,3,0.23076923076923078,94
test,concept:bodypartcontainsbodypart,undirected,1,8,0.22857142857142856,241
test,concept:bodypartcontainsbodypart,undirected,2,9,0.2571428571428571,241
test,concept:bodypartcontainsbodypart,undirected,3,10,0.2857142857142857,241
test,concept:bodypartcontainsbodypart,undirected,4,5,0.14285714285714285,241
test,concept:bodypartcontainsbodypart,undirected,>4_or_unreachable,3,0.08571428571428572,241
test,concept:bookwriter,undirected,1,15,0.6,351
test,concept:bookwriter,undirected,3,1,0.04,351
test,concept:bookwriter,undirected,>4_or_unreachable,9,0.36,351
test,concept:buildingfeaturemadefrombuildingmaterial,undirected,4,1,0.3333333333333333,27
test,concept:buildingfeaturemadefrombuildingmaterial,undirected,>4_or_unreachable,2,0.6666666666666666,27
test,concept:buildinglocatedincity,undirected,1,4,0.5714285714285714,99
test,concept:buildinglocatedincity,undirected,3,1,0.14285714285714285,99
test,concept:buildinglocatedincity,undirected,>4_or_unreachable,2,0.2857142857142857,99
test,concept:ceoof,undirected,1,9,0.8181818181818182,53
test,concept:ceoof,undirected,>4_or_unreachable,2,0.18181818181818182,53
test,concept:chemicalistypeofchemical,undirected,1,5,0.06493506493506493,290
test,concept:chemicalistypeofchemical,undirected,2,27,0.35064935064935066,290
test,concept:chemicalistypeofchemical,undirected,3,28,0.36363636363636365,290
test,concept:chemicalistypeofchemical,undirected,4,9,0.11688311688311688,290
test,concept:chemicalistypeofchemical,undirected,>4_or_unreachable,8,0.1038961038961039,290
test,concept:cityalsoknownas,undirected,1,2,0.3333333333333333,20
test,concept:cityalsoknownas,undirected,2,1,0.16666666666666666,20
test,concept:cityalsoknownas,undirected,4,1,0.16666666666666666,20
test,concept:cityalsoknownas,undirected,>4_or_unreachable,2,0.3333333333333333,20
test,concept:citycapitalofcountry,undirected,1,4,0.8,24
test,concept:citycapitalofcountry,undirected,4,1,0.2,24
test,concept:cityliesonriver,undirected,3,3,0.10344827586206896,232
test,concept:cityliesonriver,undirected,4,3,0.10344827586206896,232
test,concept:cityliesonriver,undirected,>4_or_unreachable,23,0.7931034482758621,232
test,concept:citylocatedincountry,undirected,1,4,0.3076923076923077,92
test,concept:citylocatedincountry,undirected,3,3,0.23076923076923078,92
test,concept:citylocatedincountry,undirected,4,2,0.15384615384615385,92
test,concept:citylocatedincountry,undirected,>4_or_unreachable,4,0.3076923076923077,92
test,concept:citylocatedingeopoliticallocation,undirected,2,2,0.5,38
test,concept:citylocatedingeopoliticallocation,undirected,4,1,0.25,38
test,concept:citylocatedingeopoliticallocation,undirected,>4_or_unreachable,1,0.25,38
test,concept:citylocatedinstate,undirected,1,3,0.13043478260869565,132
test,concept:citylocatedinstate,undirected,2,1,0.043478260869565216,132
test,concept:citylocatedinstate,undirected,3,6,0.2608695652173913,132
test,concept:citylocatedinstate,undirected,4,5,0.21739130434782608,132
test,concept:citylocatedinstate,undirected,>4_or_unreachable,8,0.34782608695652173,132
test,concept:clothingmadefromplant,undirected,2,1,0.25,15
test,concept:clothingmadefromplant,undirected,4,2,0.5,15
test,concept:clothingmadefromplant,undirected,>4_or_unreachable,1,0.25,15
test,concept:clothingtogowithclothing,undirected,1,32,0.23703703703703705,361
test,concept:clothingtogowithclothing,undirected,2,59,0.43703703703703706,361
test,concept:clothingtogowithclothing,undirected,3,38,0.2814814814814815,361
test,concept:clothingtogowithclothing,undirected,4,4,0.02962962962962963,361
test,concept:clothingtogowithclothing,undirected,>4_or_unreachable,2,0.014814814814814815,361
test,concept:coachesinleague,undirected,3,2,1.0,13
test,concept:coachesteam,undirected,1,1,0.2,20
test,concept:coachesteam,undirected,>4_or_unreachable,4,0.8,20
test,concept:coachwontrophy,undirected,3,8,0.5714285714285714,65
test,concept:coachwontrophy,undirected,4,3,0.21428571428571427,65
test,concept:coachwontrophy,undirected,>4_or_unreachable,3,0.21428571428571427,65
test,concept:companyalsoknownas,undirected,2,2,0.6666666666666666,29
test,concept:companyalsoknownas,undirected,4,1,0.3333333333333333,29
test,concept:companyeconomicsector,undirected,2,3,0.1,197
test,concept:companyeconomicsector,undirected,3,7,0.23333333333333334,197
test,concept:companyeconomicsector,undirected,>4_or_unreachable,20,0.6666666666666666,197
test,concept:competeswith,undirected,1,9,0.20930232558139536,199
test,concept:competeswith,undirected,2,3,0.06976744186046512,199
test,concept:competeswith,undirected,3,10,0.23255813953488372,199
test,concept:competeswith,undirected,4,8,0.18604651162790697,199
test,concept:competeswith,undirected,>4_or_unreachable,13,0.3023255813953488,199
test,concept:conceptprerequisiteof,undirected,>4_or_unreachable,8,1.0,68
test,concept:countryalsoknownas,undirected,1,3,0.11538461538461539,90
test,concept:countryalsoknownas,undirected,2,7,0.2692307692307692,90
test,concept:countryalsoknownas,undirected,3,11,0.4230769230769231,90
test,concept:countryalsoknownas,undirected,4,2,0.07692307692307693,90
test,concept:countryalsoknownas,undirected,>4_or_unreachable,3,0.11538461538461539,90
test,concept:countrycurrency,undirected,2,1,0.1111111111111111,27
test,concept:countrycurrency,undirected,3,3,0.3333333333333333,27
test,concept:countrycurrency,undirected,4,1,0.1111111111111111,27
test,concept:countrycurrency,undirected,>4_or_unreachable,4,0.4444444444444444,27
test,concept:countrylocatedingeopoliticallocation,undirected,1,3,0.06666666666666667,139
test,concept:countrylocatedingeopoliticallocation,undirected,2,10,0.2222222222222222,139
test,concept:countrylocatedingeopoliticallocation,undirected,3,19,0.4222222222222222,139
test,concept:countrylocatedingeopoliticallocation,undirected,4,5,0.1111111111111111,139
test,concept:countrylocatedingeopoliticallocation,undirected,>4_or_unreachable,8,0.17777777777777778,139
test,concept:drughassideeffect,undirected,3,3,0.2727272727272727,152
test,concept:drughassideeffect,undirected,>4_or_unreachable,8,0.7272727272727273,152
test,concept:drugpossiblytreatsphysiologicalcondition,undirected,3,1,0.16666666666666666,50
test,concept:drugpossiblytreatsphysiologicalcondition,undirected,4,1,0.16666666666666666,50
test,concept:drugpossiblytreatsphysiologicalcondition,undirected,>4_or_unreachable,4,0.6666666666666666,50
test,concept:drugworkedonbyagent,undirected,3,2,0.3333333333333333,116
test,concept:drugworkedonbyagent,undirected,>4_or_unreachable,4,0.6666666666666666,116
test,concept:emotionassociatedwithdisease,undirected,>4_or_unreachable,12,1.0,51
test,concept:fatherofperson,undirected,>4_or_unreachable,3,1.0,25
test,concept:fishservedwithfood,undirected,3,2,0.4,37
test,concept:fishservedwithfood,undirected,4,1,0.2,37
test,concept:fishservedwithfood,undirected,>4_or_unreachable,2,0.4,37
test,concept:foodcancausedisease,undirected,3,1,0.09090909090909091,29
test,concept:foodcancausedisease,undirected,4,1,0.09090909090909091,29
test,concept:foodcancausedisease,undirected,>4_or_unreachable,9,0.8181818181818182,29
test,concept:fooddecreasestheriskofdisease,undirected,3,2,0.18181818181818182,58
test,concept:fooddecreasestheriskofdisease,undirected,4,2,0.18181818181818182,58
test,concept:fooddecreasestheriskofdisease,undirected,>4_or_unreachable,7,0.6363636363636364,58
test,concept:furniturefoundinroom,undirected,3,61,0.8243243243243243,356
test,concept:furniturefoundinroom,undirected,>4_or_unreachable,13,0.17567567567567569,356
test,concept:hashusband,undirected,>4_or_unreachable,1,1.0,19
test,concept:hasofficeincity,undirected,1,2,0.03225806451612903,248
test,concept:hasofficeincity,undirected,2,1,0.016129032258064516,248
test,concept:hasofficeincity,undirected,3,35,0.5645161290322581,248
test,concept:hasofficeincity,undirected,4,6,0.0967741935483871,248
test,concept:hasofficeincity,undirected,>4_or_unreachable,18,0.2903225806451613,248
test,concept:hasofficeincountry,undirected,1,2,0.07142857142857142,66
test,concept:hasofficeincountry,undirected,2,3,0.10714285714285714,66
test,concept:hasofficeincountry,undirected,3,17,0.6071428571428571,66
test,concept:hasofficeincountry,undirected,>4_or_unreachable,6,0.21428571428571427,66
test,concept:hassibling,undirected,>4_or_unreachable,2,1.0,13
test,concept:hasspouse,undirected,1,4,0.8,104
test,concept:hasspouse,undirected,4,1,0.2,104
test,concept:haswife,undirected,1,1,1.0,37
test,concept:headquarteredin,undirected,2,2,0.15384615384615385,62
test,concept:headquarteredin,undirected,3,3,0.23076923076923078,62
test,concept:headquarteredin,undirected,>4_or_unreachable,8,0.6153846153846154,62
test,concept:hobbiessuchashobbies,undirected,>4_or_unreachable,4,1.0,29
test,concept:invertebratefeedonfood,undirected,2,4,0.4444444444444444,32
test,concept:invertebratefeedonfood,undirected,3,3,0.3333333333333333,32
test,concept:invertebratefeedonfood,undirected,4,2,0.2222222222222222,32
test,concept:ismultipleof,undirected,3,2,1.0,20
test,concept:istallerthan,undirected,2,1,0.1,51
test,concept:istallerthan,undirected,3,8,0.8,51
test,concept:istallerthan,undirected,4,1,0.1,51
test,concept:itemfoundinroom,undirected,1,4,0.046511627906976744,424
test,concept:itemfoundinroom,undirected,3,54,0.627906976744186,424
test,concept:itemfoundinroom,undirected,>4_or_unreachable,28,0.32558139534883723,424
test,concept:journalistwritesforpublication,undirected,1,1,0.047619047619047616,214
test,concept:journalistwritesforpublication,undirected,2,1,0.047619047619047616,214
test,concept:journalistwritesforpublication,undirected,3,15,0.7142857142857143,214
test,concept:journalistwritesforpublication,undirected,4,1,0.047619047619047616,214
test,concept:journalistwritesforpublication,undirected,>4_or_unreachable,3,0.14285714285714285,214
test,concept:languageofcountry,undirected,2,1,0.05555555555555555,62
test,concept:languageofcountry,undirected,3,8,0.4444444444444444,62
test,concept:languageofcountry,undirected,4,6,0.3333333333333333,62
test,concept:languageofcountry,undirected,>4_or_unreachable,3,0.16666666666666666,62
test,concept:languageofuniversity,undirected,3,1,0.125,71
test,concept:languageofuniversity,undirected,>4_or_unreachable,7,0.875,71
test,concept:leaguestadiums,undirected,2,1,0.1111111111111111,46
test,concept:leaguestadiums,undirected,3,4,0.4444444444444444,46
test,concept:leaguestadiums,undirected,4,1,0.1111111111111111,46
test,concept:leaguestadiums,undirected,>4_or_unreachable,3,0.3333333333333333,46
test,concept:locationlocatedwithinlocation,undirected,1,10,0.136986301369863,359
test,concept:locationlocatedwithinlocation,undirected,2,8,0.1095890410958904,359
test,concept:locationlocatedwithinlocation,undirected,3,35,0.4794520547945205,359
test,concept:locationlocatedwithinlocation,undirected,4,8,0.1095890410958904,359
test,concept:locationlocatedwithinlocation,undirected,>4_or_unreachable,12,0.1643835616438356,359
test,concept:mammalsuchasmammal,undirected,1,5,0.29411764705882354,68
test,concept:mammalsuchasmammal,undirected,2,4,0.23529411764705882,68
test,concept:mammalsuchasmammal,undirected,3,6,0.35294117647058826,68
test,concept:mammalsuchasmammal,undirected,4,1,0.058823529411764705,68
test,concept:mammalsuchasmammal,undirected,>4_or_unreachable,1,0.058823529411764705,68
test,concept:motherofperson,undirected,1,1,0.3333333333333333,9
test,concept:motherofperson,undirected,3,1,0.3333333333333333,9
test,concept:motherofperson,undirected,>4_or_unreachable,1,0.3333333333333333,9
test,concept:museumincity,undirected,4,1,1.0,16
test,concept:musicartistgenre,undirected,2,1,0.09090909090909091,132
test,concept:musicartistgenre,undirected,3,2,0.18181818181818182,132
test,concept:musicartistgenre,undirected,4,2,0.18181818181818182,132
test,concept:musicartistgenre,undirected,>4_or_unreachable,6,0.5454545454545454,132
test,concept:musicgenressuchasmusicgenres,undirected,2,1,0.2,27
test,concept:musicgenressuchasmusicgenres,undirected,3,2,0.4,27
test,concept:musicgenressuchasmusicgenres,undirected,>4_or_unreachable,2,0.4,27
test,concept:musicianinmusicartist,undirected,3,1,0.25,98
test,concept:musicianinmusicartist,undirected,>4_or_unreachable,3,0.75,98
test,concept:musicianplaysinstrument,undirected,3,3,0.2727272727272727,125
test,concept:musicianplaysinstrument,undirected,>4_or_unreachable,8,0.7272727272727273,125
test,concept:mutualproxyfor,undirected,1,38,0.3838383838383838,586
test,concept:mutualproxyfor,undirected,2,3,0.030303030303030304,586
test,concept:mutualproxyfor,undirected,3,31,0.31313131313131315,586
test,concept:mutualproxyfor,undirected,4,12,0.12121212121212122,586
test,concept:mutualproxyfor,undirected,>4_or_unreachable,15,0.15151515151515152,586
test,concept:newspaperincity,undirected,1,1,0.25,23
test,concept:newspaperincity,undirected,3,1,0.25,23
test,concept:newspaperincity,undirected,>4_or_unreachable,2,0.5,23
test,concept:objectfoundinscene,undirected,>4_or_unreachable,2,1.0,27
test,concept:objectpartofobject,undirected,>4_or_unreachable,1,1.0,35
test,concept:organizationacronymhasname,undirected,3,1,0.3333333333333333,61
test,concept:organizationacronymhasname,undirected,4,2,0.6666666666666666,61
test,concept:organizationalsoknownas,undirected,1,6,0.5454545454545454,35
test,concept:organizationalsoknownas,undirected,2,1,0.09090909090909091,35
test,concept:organizationalsoknownas,undirected,3,2,0.18181818181818182,35
test,concept:organizationalsoknownas,undirected,4,1,0.09090909090909091,35
test,concept:organizationalsoknownas,undirected,>4_or_unreachable,1,0.09090909090909091,35
test,concept:organizationdissolvedatdate,undirected,3,9,0.8181818181818182,30
test,concept:organizationdissolvedatdate,undirected,>4_or_unreachable,2,0.18181818181818182,30
test,concept:organizationheadquarteredincity,undirected,1,5,0.35714285714285715,93
test,concept:organizationheadquarteredincity,undirected,3,1,0.07142857142857142,93
test,concept:organizationheadquarteredincity,undirected,4,2,0.14285714285714285,93
test,concept:organizationheadquarteredincity,undirected,>4_or_unreachable,6,0.42857142857142855,93
test,concept:organizationheadquarteredincountry,undirected,3,1,0.2,67
test,concept:organizationheadquarteredincountry,undirected,4,1,0.2,67
test,concept:organizationheadquarteredincountry,undirected,>4_or_unreachable,3,0.6,67
test,concept:organizationheadquarteredinstateorprovince,undirected,3,4,0.5,29
test,concept:organizationheadquarteredinstateorprovince,undirected,4,3,0.375,29
test,concept:organizationheadquarteredinstateorprovince,undirected,>4_or_unreachable,1,0.125,29
test,concept:organizationhiredperson,undirected,1,5,0.19230769230769232,192
test,concept:organizationhiredperson,undirected,3,9,0.34615384615384615,192
test,concept:organizationhiredperson,undirected,4,1,0.038461538461538464,192
test,concept:organizationhiredperson,undirected,>4_or_unreachable,11,0.4230769230769231,192
test,concept:organizationterminatedperson,undirected,1,7,0.5,133
test,concept:organizationterminatedperson,undirected,3,2,0.14285714285714285,133
test,concept:organizationterminatedperson,undirected,4,2,0.14285714285714285,133
test,concept:organizationterminatedperson,undirected,>4_or_unreachable,3,0.21428571428571427,133
test,concept:parentofperson,undirected,3,1,0.1111111111111111,54
test,concept:parentofperson,undirected,4,2,0.2222222222222222,54
test,concept:parentofperson,undirected,>4_or_unreachable,6,0.6666666666666666,54
test,concept:parkincity,undirected,>4_or_unreachable,1,1.0,43
test,concept:personalsoknownas,undirected,1,5,0.35714285714285715,48
test,concept:personalsoknownas,undirected,2,6,0.42857142857142855,48
test,concept:personalsoknownas,undirected,3,3,0.21428571428571427,48
test,concept:personbelongstoorganization,undirected,1,2,0.08,162
test,concept:personbelongstoorganization,undirected,2,1,0.04,162
test,concept:personbelongstoorganization,undirected,3,9,0.36,162
test,concept:personbelongstoorganization,undirected,4,2,0.08,162
test,concept:personbelongstoorganization,undirected,>4_or_unreachable,11,0.44,162
test,concept:personbornincity,undirected,1,2,0.125,99
test,concept:personbornincity,undirected,3,9,0.5625,99
test,concept:personbornincity,undirected,4,3,0.1875,99
test,concept:personbornincity,undirected,>4_or_unreachable,2,0.125,99
test,concept:personborninlocation,undirected,1,8,0.42105263157894735,66
test,concept:personborninlocation,undirected,2,1,0.05263157894736842,66
test,concept:personborninlocation,undirected,3,8,0.42105263157894735,66
test,concept:personborninlocation,undirected,>4_or_unreachable,2,0.10526315789473684,66
test,concept:personchargedwithcrime,undirected,3,4,0.5714285714285714,52
test,concept:personchargedwithcrime,undirected,>4_or_unreachable,3,0.42857142857142855,52
test,concept:persondiedincountry,undirected,4,1,0.3333333333333333,174
test,concept:persondiedincountry,undirected,>4_or_unreachable,2,0.6666666666666666,174
test,concept:persongraduatedfromuniversity,undirected,1,8,0.17777777777777778,106
test,concept:persongraduatedfromuniversity,undirected,3,22,0.4888888888888889,106
test,concept:persongraduatedfromuniversity,undirected,4,3,0.06666666666666667,106
test,concept:persongraduatedfromuniversity,undirected,>4_or_unreachable,12,0.26666666666666666,106
test,concept:persongraduatedschool,undirected,1,4,0.19047619047619047,80
test,concept:persongraduatedschool,undirected,3,12,0.5714285714285714,80
test,concept:persongraduatedschool,undirected,>4_or_unreachable,5,0.23809523809523808,80
test,concept:personhascitizenship,undirected,2,1,0.05263157894736842,58
test,concept:personhascitizenship,undirected,3,8,0.42105263157894735,58
test,concept:personhascitizenship,undirected,4,3,0.15789473684210525,58
test,concept:personhascitizenship,undirected,>4_or_unreachable,7,0.3684210526315789,58
test,concept:personhasjobposition,undirected,3,2,0.18181818181818182,101
test,concept:personhasjobposition,undirected,>4_or_unreachable,9,0.8181818181818182,101
test,concept:personhasresidenceingeopoliticallocation,undirected,1,1,0.09090909090909091,57
test,concept:personhasresidenceingeopoliticallocation,undirected,2,2,0.18181818181818182,57
test,concept:personhasresidenceingeopoliticallocation,undirected,3,3,0.2727272727272727,57
test,concept:personhasresidenceingeopoliticallocation,undirected,4,4,0.36363636363636365,57
test,concept:personhasresidenceingeopoliticallocation,undirected,>4_or_unreachable,1,0.09090909090909091,57
test,concept:personleadsgeopoliticalorganization,undirected,1,1,0.16666666666666666,23
test,concept:personleadsgeopoliticalorganization,undirected,3,3,0.5,23
test,concept:personleadsgeopoliticalorganization,undirected,>4_or_unreachable,2,0.3333333333333333,23
test,concept:personleadsorganization,undirected,1,9,0.42857142857142855,95
test,concept:personleadsorganization,undirected,3,2,0.09523809523809523,95
test,concept:personleadsorganization,undirected,4,4,0.19047619047619047,95
test,concept:personleadsorganization,undirected,>4_or_unreachable,6,0.2857142857142857,95
test,concept:personmovedtostateorprovince,undirected,3,4,0.4444444444444444,41
test,concept:personmovedtostateorprovince,undirected,4,3,0.3333333333333333,41
test,concept:personmovedtostateorprovince,undirected,>4_or_unreachable,2,0.2222222222222222,41
test,concept:plantgrowinginplant,undirected,3,3,1.0,19
test,concept:plantincludeplant,undirected,1,5,0.3125,153
test,concept:plantincludeplant,undirected,2,2,0.125,153
test,concept:plantincludeplant,undirected,3,4,0.25,153
test,concept:plantincludeplant,undirected,4,1,0.0625,153
test,concept:plantincludeplant,undirected,>4_or_unreachable,4,0.25,153
test,concept:plantrepresentemotion,undirected,>4_or_unreachable,2,1.0,19
test,concept:politicianholdsoffice,undirected,2,2,0.15384615384615385,83
test,concept:politicianholdsoffice,undirected,3,6,0.46153846153846156,83
test,concept:politicianholdsoffice,undirected,4,1,0.07692307692307693,83
test,concept:politicianholdsoffice,undirected,>4_or_unreachable,4,0.3076923076923077,83
test,concept:politicianrepresentslocation,undirected,2,1,0.05,87
test,concept:politicianrepresentslocation,undirected,3,9,0.45,87
test,concept:politicianrepresentslocation,undirected,4,4,0.2,87
test,concept:politicianrepresentslocation,undirected,>4_or_unreachable,6,0.3,87
test,concept:politicianusendorsedbypoliticianus,undirected,1,8,0.16666666666666666,167
test,concept:politicianusendorsedbypoliticianus,undirected,2,11,0.22916666666666666,167
test,concept:politicianusendorsedbypoliticianus,undirected,3,23,0.4791666666666667,167
test,concept:politicianusendorsedbypoliticianus,undirected,4,1,0.020833333333333332,167
test,concept:politicianusendorsedbypoliticianus,undirected,>4_or_unreachable,5,0.10416666666666667,167
test,concept:politicianusholdsoffice,undirected,2,1,0.058823529411764705,49
test,concept:politicianusholdsoffice,undirected,3,13,0.7647058823529411,49
test,concept:politicianusholdsoffice,undirected,4,2,0.11764705882352941,49
test,concept:politicianusholdsoffice,undirected,>4_or_unreachable,1,0.058823529411764705,49
test,concept:politicianusmemberofpoliticalgroup,undirected,2,2,0.4,56
test,concept:politicianusmemberofpoliticalgroup,undirected,3,1,0.2,56
test,concept:politicianusmemberofpoliticalgroup,undirected,4,1,0.2,56
test,concept:politicianusmemberofpoliticalgroup,undirected,>4_or_unreachable,1,0.2,56
test,concept:producesproduct,undirected,1,4,0.36363636363636365,65
test,concept:producesproduct,undirected,2,1,0.09090909090909091,65
test,concept:producesproduct,undirected,3,2,0.18181818181818182,65
test,concept:producesproduct,undirected,>4_or_unreachable,4,0.36363636363636365,65
test,concept:professionistypeofprofession,undirected,1,20,0.15151515151515152,432
test,concept:professionistypeofprofession,undirected,2,55,0.4166666666666667,432
test,concept:professionistypeofprofession,undirected,3,49,0.3712121212121212,432
test,concept:professionistypeofprofession,undirected,4,2,0.015151515151515152,432
test,concept:professionistypeofprofession,undirected,>4_or_unreachable,6,0.045454545454545456,432
test,concept:professionusestool,undirected,2,3,0.21428571428571427,27
test,concept:professionusestool,undirected,3,9,0.6428571428571429,27
test,concept:professionusestool,undirected,>4_or_unreachable,2,0.14285714285714285,27
test,concept:proxyfor,undirected,1,27,0.16666666666666666,868
test,concept:proxyfor,undirected,2,15,0.09259259259259259,868
test,concept:proxyfor,undirected,3,64,0.3950617283950617,868
test,concept:proxyfor,undirected,4,20,0.12345679012345678,868
test,concept:proxyfor,undirected,>4_or_unreachable,36,0.2222222222222222,868
test,concept:riveremptiesintoriver,undirected,2,1,0.14285714285714285,53
test,concept:riveremptiesintoriver,undirected,>4_or_unreachable,6,0.8571428571428571,53
test,concept:specializationof,undirected,1,2,0.16666666666666666,42
test,concept:specializationof,undirected,2,2,0.16666666666666666,42
test,concept:specializationof,undirected,3,4,0.3333333333333333,42
test,concept:specializationof,undirected,>4_or_unreachable,4,0.3333333333333333,42
test,concept:sportfansincountry,undirected,1,3,0.3,43
test,concept:sportfansincountry,undirected,3,7,0.7,43
test,concept:sporthassportsteamposition,undirected,3,2,0.4,31
test,concept:sporthassportsteamposition,undirected,4,1,0.2,31
test,concept:sporthassportsteamposition,undirected,>4_or_unreachable,2,0.4,31
test,concept:sportschoolincountry,undirected,1,2,0.14285714285714285,51
test,concept:sportschoolincountry,undirected,3,12,0.8571428571428571,51
test,concept:sportsgamesport,undirected,3,3,1.0,22
test,concept:sportsgameteam,undirected,2,19,0.40425531914893614,142
test,concept:sportsgameteam,undirected,3,19,0.40425531914893614,142
test,concept:sportsgameteam,undirected,4,3,0.06382978723404255,142
test,concept:sportsgameteam,undirected,>4_or_unreachable,6,0.1276595744680851,142
test,concept:sportsgamewinner,undirected,2,2,0.5,36
test,concept:sportsgamewinner,undirected,3,1,0.25,36
test,concept:sportsgamewinner,undirected,>4_or_unreachable,1,0.25,36
test,concept:sportusesequipment,undirected,3,7,0.5384615384615384,98
test,concept:sportusesequipment,undirected,>4_or_unreachable,6,0.46153846153846156,98
test,concept:sportusesstadium,undirected,3,2,0.3333333333333333,29
test,concept:sportusesstadium,undirected,4,2,0.3333333333333333,29
test,concept:sportusesstadium,undirected,>4_or_unreachable,2,0.3333333333333333,29
test,concept:stadiumlocatedincity,undirected,>4_or_unreachable,2,1.0,67
test,concept:statehascapital,undirected,2,1,0.3333333333333333,15
test,concept:statehascapital,undirected,>4_or_unreachable,2,0.6666666666666666,15
test,concept:statelocatedincountry,undirected,2,1,0.16666666666666666,26
test,concept:statelocatedincountry,undirected,3,1,0.16666666666666666,26
test,concept:statelocatedincountry,undirected,4,3,0.5,26
test,concept:statelocatedincountry,undirected,>4_or_unreachable,1,0.16666666666666666,26
test,concept:statelocatedingeopoliticallocation,undirected,1,1,0.02127659574468085,106
test,concept:statelocatedingeopoliticallocation,undirected,2,13,0.2765957446808511,106
test,concept:statelocatedingeopoliticallocation,undirected,3,25,0.5319148936170213,106
test,concept:statelocatedingeopoliticallocation,undirected,4,6,0.1276595744680851,106
test,concept:statelocatedingeopoliticallocation,undirected,>4_or_unreachable,2,0.0425531914893617,106
test,concept:stateorprovinceisborderedbystateorprovince,undirected,3,2,0.4,32
test,concept:stateorprovinceisborderedbystateorprovince,undirected,4,3,0.6,32
test,concept:subpartof,undirected,1,28,0.23931623931623933,673
test,concept:subpartof,undirected,2,1,0.008547008547008548,673
test,concept:subpartof,undirected,3,44,0.37606837606837606,673
test,concept:subpartof,undirected,4,9,0.07692307692307693,673
test,concept:subpartof,undirected,>4_or_unreachable,35,0.29914529914529914,673
test,concept:subpartoforganization,undirected,1,2,0.045454545454545456,345
test,concept:subpartoforganization,undirected,2,2,0.045454545454545456,345
test,concept:subpartoforganization,undirected,3,23,0.5227272727272727,345
test,concept:subpartoforganization,undirected,4,5,0.11363636363636363,345
test,concept:subpartoforganization,undirected,>4_or_unreachable,12,0.2727272727272727,345
test,concept:synonymfor,undirected,1,5,0.2,101
test,concept:synonymfor,undirected,2,2,0.08,101
test,concept:synonymfor,undirected,3,10,0.4,101
test,concept:synonymfor,undirected,4,3,0.12,101
test,concept:synonymfor,undirected,>4_or_unreachable,5,0.2,101
test,concept:teamalsoknownas,undirected,1,1,0.1111111111111111,28
test,concept:teamalsoknownas,undirected,2,5,0.5555555555555556,28
test,concept:teamalsoknownas,undirected,3,2,0.2222222222222222,28
test,concept:teamalsoknownas,undirected,4,1,0.1111111111111111,28
test,concept:teamhomestadium,undirected,2,1,0.14285714285714285,29
test,concept:teamhomestadium,undirected,3,1,0.14285714285714285,29
test,concept:teamhomestadium,undirected,4,3,0.42857142857142855,29
test,concept:teamhomestadium,undirected,>4_or_unreachable,2,0.2857142857142857,29
test,concept:teamplaysagainstteam,undirected,1,38,0.15079365079365079,584
test,concept:teamplaysagainstteam,undirected,2,140,0.5555555555555556,584
test,concept:teamplaysagainstteam,undirected,3,50,0.1984126984126984,584
test,concept:teamplaysagainstteam,undirected,4,11,0.04365079365079365,584
test,concept:teamplaysagainstteam,undirected,>4_or_unreachable,13,0.051587301587301584,584
test,concept:teamplaysincity,undirected,2,1,0.0625,60
test,concept:teamplaysincity,undirected,3,1,0.0625,60
test,concept:teamplaysincity,undirected,4,2,0.125,60
test,concept:teamplaysincity,undirected,>4_or_unreachable,12,0.75,60
test,concept:teamplaysinleague,undirected,1,1,0.037037037037037035,158
test,concept:teamplaysinleague,undirected,2,4,0.14814814814814814,158
test,concept:teamplaysinleague,undirected,3,16,0.5925925925925926,158
test,concept:teamplaysinleague,undirected,4,3,0.1111111111111111,158
test,concept:teamplaysinleague,undirected,>4_or_unreachable,3,0.1111111111111111,158
test,concept:teamplayssport,undirected,2,2,0.14285714285714285,34
test,concept:teamplayssport,undirected,3,5,0.35714285714285715,34
test,concept:teamplayssport,undirected,4,3,0.21428571428571427,34
test,concept:teamplayssport,undirected,>4_or_unreachable,4,0.2857142857142857,34
test,concept:teamwontrophy,undirected,2,10,0.5,50
test,concept:teamwontrophy,undirected,3,7,0.35,50
test,concept:teamwontrophy,undirected,4,2,0.1,50
test,concept:teamwontrophy,undirected,>4_or_unreachable,1,0.05,50
test,concept:televisionstationaffiliatedwith,undirected,3,8,1.0,162
test,concept:televisionstationincity,undirected,1,2,0.4,35
test,concept:televisionstationincity,undirected,>4_or_unreachable,3,0.6,35
test,concept:thinghascolor,undirected,>4_or_unreachable,6,1.0,35
test,concept:thinghasshape,undirected,>4_or_unreachable,6,1.0,37
test,concept:topmemberoforganization,undirected,1,6,0.75,56
test,concept:topmemberoforganization,undirected,3,1,0.125,56
test,concept:topmemberoforganization,undirected,>4_or_unreachable,1,0.125,56
test,concept:touristattractionsuchastouristattraction,undirected,>4_or_unreachable,2,1.0,143
test,concept:transportationincity,undirected,4,1,1.0,19
test,concept:visualartistartform,undirected,3,2,0.5,80
test,concept:visualartistartform,undirected,>4_or_unreachable,2,0.5,80
test,concept:weaponmadeincountry,undirected,3,14,0.7777777777777778,63
test,concept:weaponmadeincountry,undirected,4,3,0.16666666666666666,63
test,concept:weaponmadeincountry,undirected,>4_or_unreachable,1,0.05555555555555555,63
test,concept:weaponssuchasweapons,undirected,>4_or_unreachable,2,1.0,164
test,concept:worksfor,undirected,1,16,0.5333333333333333,187
test,concept:worksfor,undirected,2,1,0.03333333333333333,187
test,concept:worksfor,undirected,3,4,0.13333333333333333,187
test,concept:worksfor,undirected,4,2,0.06666666666666667,187
test,concept:worksfor,undirected,>4_or_unreachable,7,0.23333333333333334,187
train,concept:academicfieldconcernssubject,undirected,2,4,0.13333333333333333,30
train,concept:academicfieldconcernssubject,undirected,3,1,0.03333333333333333,30
train,concept:academicfieldconcernssubject,undirected,4,1,0.03333333333333333,30
train,concept:academicfieldconcernssubject,undirected,>4_or_unreachable,24,0.8,30
train,concept:academicfieldsuchasacademicfield,undirected,1,4,0.039603960396039604,101
train,concept:academicfieldsuchasacademicfield,undirected,2,22,0.21782178217821782,101
train,concept:academicfieldsuchasacademicfield,undirected,3,25,0.24752475247524752,101
train,concept:academicfieldsuchasacademicfield,undirected,4,2,0.019801980198019802,101
train,concept:academicfieldsuchasacademicfield,undirected,>4_or_unreachable,48,0.4752475247524752,101
train,concept:academicprogramatuniversity,undirected,2,12,0.05333333333333334,225
train,concept:academicprogramatuniversity,undirected,3,42,0.18666666666666668,225
train,concept:academicprogramatuniversity,undirected,4,14,0.06222222222222222,225
train,concept:academicprogramatuniversity,undirected,>4_or_unreachable,157,0.6977777777777778,225
train,concept:acquired,undirected,2,1,0.016129032258064516,62
train,concept:acquired,undirected,3,1,0.016129032258064516,62
train,concept:acquired,undirected,4,1,0.016129032258064516,62
train,concept:acquired,undirected,>4_or_unreachable,59,0.9516129032258065,62
train,concept:actorstarredinmovie,undirected,>4_or_unreachable,74,1.0,74
train,concept:agentactsinlocation,undirected,1,2,0.007246376811594203,276
train,concept:agentactsinlocation,undirected,2,7,0.025362318840579712,276
train,concept:agentactsinlocation,undirected,3,75,0.2717391304347826,276
train,concept:agentactsinlocation,undirected,4,20,0.07246376811594203,276
train,concept:agentactsinlocation,undirected,>4_or_unreachable,172,0.6231884057971014,276
train,concept:agentbelongstoorganization,undirected,1,17,0.19540229885057472,87
train,concept:agentbelongstoorganization,undirected,3,6,0.06896551724137931,87
train,concept:agentbelongstoorganization,undirected,>4_or_unreachable,64,0.735632183908046,87
train,concept:agentcollaborateswithagent,undirected,1,45,0.14802631578947367,304
train,concept:agentcollaborateswithagent,undirected,2,9,0.029605263157894735,304
train,concept:agentcollaborateswithagent,undirected,3,42,0.13815789473684212,304
train,concept:agentcollaborateswithagent,undirected,4,18,0.05921052631578947,304
train,concept:agentcollaborateswithagent,undirected,>4_or_unreachable,190,0.625,304
train,concept:agentcompeteswithagent,undirected,1,31,0.15656565656565657,198
train,concept:agentcompeteswithagent,undirected,2,14,0.0707070707070707,198
train,concept:agentcompeteswithagent,undirected,3,21,0.10606060606060606,198
train,concept:agentcompeteswithagent,undirected,4,17,0.08585858585858586,198
train,concept:agentcompeteswithagent,undirected,>4_or_unreachable,111,0.5606060606060606,198
train,concept:agentcompeteswithagent,undirected,self_loop,4,0.020202020202020204,198
train,concept:agentcontributedtocreativework,undirected,1,13,0.07514450867052024,173
train,concept:agentcontributedtocreativework,undirected,>4_or_unreachable,160,0.9248554913294798,173
train,concept:agentcontrols,undirected,1,35,0.11945392491467577,293
train,concept:agentcontrols,undirected,3,41,0.13993174061433447,293
train,concept:agentcontrols,undirected,4,13,0.04436860068259386,293
train,concept:agentcontrols,undirected,>4_or_unreachable,204,0.6962457337883959,293
train,concept:agentcreated,undirected,1,36,0.04712041884816754,764
train,concept:agentcreated,undirected,2,8,0.010471204188481676,764
train,concept:agentcreated,undirected,3,24,0.031413612565445025,764
train,concept:agentcreated,undirected,4,13,0.017015706806282723,764
train,concept:agentcreated,undirected,>4_or_unreachable,683,0.893979057591623,764
train,concept:agentinvolvedwithitem,undirected,1,2,0.009478672985781991,211
train,concept:agentinvolvedwithitem,undirected,2,4,0.018957345971563982,211
train,concept:agentinvolvedwithitem,undirected,3,22,0.10426540284360189,211
train,concept:agentinvolvedwithitem,undirected,4,13,0.061611374407582936,211
train,concept:agentinvolvedwithitem,undirected,>4_or_unreachable,170,0.8056872037914692,211
train,concept:agentparticipatedinevent,undirected,2,7,0.03056768558951965,229
train,concept:agentparticipatedinevent,undirected,3,38,0.16593886462882096,229
train,concept:agentparticipatedinevent,undirected,4,13,0.056768558951965066,229
train,concept:agentparticipatedinevent,undirected,>4_or_unreachable,171,0.7467248908296943,229
train,concept:agriculturalproductcamefromcountry,undirected,3,11,0.5238095238095238,21
train,concept:agriculturalproductcamefromcountry,undirected,4,5,0.23809523809523808,21
train,concept:agriculturalproductcamefromcountry,undirected,>4_or_unreachable,5,0.23809523809523808,21
train,concept:agriculturalproductcomingfromvertebrate,undirected,3,15,0.2112676056338028,71
train,concept:agriculturalproductcomingfromvertebrate,undirected,4,6,0.08450704225352113,71
train,concept:agriculturalproductcomingfromvertebrate,undirected,>4_or_unreachable,50,0.704225352112676,71
train,concept:agriculturalproductcontainchemical,undirected,2,2,0.045454545454545456,44
train,concept:agriculturalproductcontainchemical,undirected,3,2,0.045454545454545456,44
train,concept:agriculturalproductcontainchemical,undirected,>4_or_unreachable,40,0.9090909090909091,44
train,concept:agriculturalproductcookedwithagriculturalproduct,undirected,1,14,0.06542056074766354,214
train,concept:agriculturalproductcookedwithagriculturalproduct,undirected,2,35,0.16355140186915887,214
train,concept:agriculturalproductcookedwithagriculturalproduct,undirected,3,70,0.32710280373831774,214
train,concept:agriculturalproductcookedwithagriculturalproduct,undirected,4,11,0.0514018691588785,214
train,concept:agriculturalproductcookedwithagriculturalproduct,undirected,>4_or_unreachable,84,0.3925233644859813,214
train,concept:agriculturalproductcutintogeometricshape,undirected,2,6,0.14634146341463414,41
train,concept:agriculturalproductcutintogeometricshape,undirected,3,9,0.21951219512195122,41
train,concept:agriculturalproductcutintogeometricshape,undirected,4,3,0.07317073170731707,41
train,concept:agriculturalproductcutintogeometricshape,undirected,>4_or_unreachable,23,0.5609756097560976,41
train,concept:agriculturalproductgrowinginstateorprovince,undirected,3,3,0.2,15
train,concept:agriculturalproductgrowinginstateorprovince,undirected,4,1,0.06666666666666667,15
train,concept:agriculturalproductgrowinginstateorprovince,undirected,>4_or_unreachable,11,0.7333333333333333,15
train,concept:agriculturalproductgrowninlandscapefeatures,undirected,3,2,0.08,25
train,concept:agriculturalproductgrowninlandscapefeatures,undirected,>4_or_unreachable,23,0.92,25
train,concept:agriculturalproductincludingagriculturalproduct,undirected,1,1,0.0136986301369863,73
train,concept:agriculturalproductincludingagriculturalproduct,undirected,3,17,0.2328767123287671,73
train,concept:agriculturalproductincludingagriculturalproduct,undirected,4,8,0.1095890410958904,73
train,concept:agriculturalproductincludingagriculturalproduct,undirected,>4_or_unreachable,47,0.6438356164383562,73
train,concept:agriculturalproducttoattractinsect,undirected,1,2,0.07142857142857142,28
train,concept:agriculturalproducttoattractinsect,undirected,2,11,0.39285714285714285,28
train,concept:agriculturalproducttoattractinsect,undirected,3,7,0.25,28
train,concept:agriculturalproducttoattractinsect,undirected,4,1,0.03571428571428571,28
train,concept:agriculturalproducttoattractinsect,undirected,>4_or_unreachable,7,0.25,28
train,concept:airportincity,undirected,1,9,0.14516129032258066,62
train,concept:airportincity,undirected,3,1,0.016129032258064516,62
train,concept:airportincity,undirected,>4_or_unreachable,52,0.8387096774193549,62
train,concept:animaldevelopdisease,undirected,2,7,0.058823529411764705,119
train,concept:animaldevelopdisease,undirected,3,10,0.08403361344537816,119
train,concept:animaldevelopdisease,undirected,4,10,0.08403361344537816,119
train,concept:animaldevelopdisease,undirected,>4_or_unreachable,92,0.773109243697479,119
train,concept:animaleatfood,undirected,1,1,0.00847457627118644,118
train,concept:animaleatfood,undirected,2,3,0.025423728813559324,118
train,concept:animaleatfood,undirected,3,7,0.059322033898305086,118
train,concept:animaleatfood,undirected,4,12,0.1016949152542373,118
train,concept:animaleatfood,undirected,>4_or_unreachable,95,0.8050847457627118,118
train,concept:animaleatvegetable,undirected,2,2,0.045454545454545456,44
train,concept:animaleatvegetable,undirected,3,7,0.1590909090909091,44
train,concept:animaleatvegetable,undirected,4,1,0.022727272727272728,44
train,concept:animaleatvegetable,undirected,>4_or_unreachable,34,0.7727272727272727,44
train,concept:animalistypeofanimal,undirected,1,66,0.2357142857142857,280
train,concept:animalistypeofanimal,undirected,2,64,0.22857142857142856,280
train,concept:animalistypeofanimal,undirected,3,62,0.22142857142857142,280
train,concept:animalistypeofanimal,undirected,4,10,0.03571428571428571,280
train,concept:animalistypeofanimal,undirected,>4_or_unreachable,78,0.2785714285714286,280
train,concept:animalpreyson,undirected,1,83,0.3229571984435798,257
train,concept:animalpreyson,undirected,2,44,0.17120622568093385,257
train,concept:animalpreyson,undirected,3,54,0.21011673151750973,257
train,concept:animalpreyson,undirected,4,14,0.054474708171206226,257
train,concept:animalpreyson,undirected,>4_or_unreachable,55,0.2140077821011673,257
train,concept:animalpreyson,undirected,self_loop,7,0.027237354085603113,257
train,concept:animalsuchasfish,undirected,2,1,0.01639344262295082,61
train,concept:animalsuchasfish,undirected,3,5,0.08196721311475409,61
train,concept:animalsuchasfish,undirected,4,1,0.01639344262295082,61
train,concept:animalsuchasfish,undirected,>4_or_unreachable,54,0.8852459016393442,61
train,concept:animalsuchasinsect,undirected,1,46,0.5111111111111111,90
train,concept:animalsuchasinsect,undirected,2,27,0.3,90
train,concept:animalsuchasinsect,undirected,3,9,0.1,90
train,concept:animalsuchasinsect,undirected,>4_or_unreachable,8,0.08888888888888889,90
train,concept:animalsuchasinvertebrate,undirected,1,17,0.37777777777777777,45
train,concept:animalsuchasinvertebrate,undirected,2,5,0.1111111111111111,45
train,concept:animalsuchasinvertebrate,undirected,3,8,0.17777777777777778,45
train,concept:animalsuchasinvertebrate,undirected,4,3,0.06666666666666667,45
train,concept:animalsuchasinvertebrate,undirected,>4_or_unreachable,12,0.26666666666666666,45
train,concept:animalthatfeedoninsect,undirected,1,25,0.423728813559322,59
train,concept:animalthatfeedoninsect,undirected,2,14,0.23728813559322035,59
train,concept:animalthatfeedoninsect,undirected,3,7,0.11864406779661017,59
train,concept:animalthatfeedoninsect,undirected,4,1,0.01694915254237288,59
train,concept:animalthatfeedoninsect,undirected,>4_or_unreachable,12,0.2033898305084746,59
train,concept:arterycalledartery,undirected,1,7,0.14893617021276595,47
train,concept:arterycalledartery,undirected,2,2,0.0425531914893617,47
train,concept:arterycalledartery,undirected,3,4,0.0851063829787234,47
train,concept:arterycalledartery,undirected,4,4,0.0851063829787234,47
train,concept:arterycalledartery,undirected,>4_or_unreachable,30,0.6382978723404256,47
train,concept:arthropodandotherarthropod,undirected,1,19,0.37254901960784315,51
train,concept:arthropodandotherarthropod,undirected,2,12,0.23529411764705882,51
train,concept:arthropodandotherarthropod,undirected,3,8,0.1568627450980392,51
train,concept:arthropodandotherarthropod,undirected,4,1,0.0196078431372549,51
train,concept:arthropodandotherarthropod,undirected,>4_or_unreachable,11,0.21568627450980393,51
train,concept:arthropodcalledarthropod,undirected,1,26,0.41935483870967744,62
train,concept:arthropodcalledarthropod,undirected,2,6,0.0967741935483871,62
train,concept:arthropodcalledarthropod,undirected,3,14,0.22580645161290322,62
train,concept:arthropodcalledarthropod,undirected,4,2,0.03225806451612903,62
train,concept:arthropodcalledarthropod,undirected,>4_or_unreachable,14,0.22580645161290322,62
train,concept:atdate,undirected,1,2,0.0007889546351084812,2535
train,concept:atdate,undirected,2,69,0.027218934911242602,2535
train,concept:atdate,undirected,3,1673,0.6599605522682446,2535
train,concept:atdate,undirected,4,95,0.03747534516765286,2535
train,concept:atdate,undirected,>4_or_unreachable,696,0.27455621301775146,2535
train,concept:athletebeatathlete,undirected,2,1,0.038461538461538464,26
train,concept:athletebeatathlete,undirected,3,2,0.07692307692307693,26
train,concept:athletebeatathlete,undirected,4,2,0.07692307692307693,26
train,concept:athletebeatathlete,undirected,>4_or_unreachable,21,0.8076923076923077,26
train,concept:athleteflyouttosportsteamposition,undirected,3,31,0.21678321678321677,143
train,concept:athleteflyouttosportsteamposition,undirected,4,4,0.027972027972027972,143
train,concept:athleteflyouttosportsteamposition,undirected,>4_or_unreachable,108,0.7552447552447552,143
train,concept:athletehomestadium,undirected,2,4,0.04597701149425287,87
train,concept:athletehomestadium,undirected,3,4,0.04597701149425287,87
train,concept:athletehomestadium,undirected,4,2,0.022988505747126436,87
train,concept:athletehomestadium,undirected,>4_or_unreachable,77,0.8850574712643678,87
train,concept:athleteinjuredhisbodypart,undirected,>4_or_unreachable,34,1.0,34
train,concept:athleteledsportsteam,undirected,1,9,0.13636363636363635,66
train,concept:athleteledsportsteam,undirected,2,2,0.030303030303030304,66
train,concept:athleteledsportsteam,undirected,3,5,0.07575757575757576,66
train,concept:athleteledsportsteam,undirected,>4_or_unreachable,50,0.7575757575757576,66
train,concept:athleteplaysforteam,undirected,1,9,0.0703125,128
train,concept:athleteplaysforteam,undirected,2,4,0.03125,128
train,concept:athleteplaysforteam,undirected,3,16,0.125,128
train,concept:athleteplaysforteam,undirected,4,6,0.046875,128
train,concept:athleteplaysforteam,undirected,>4_or_unreachable,93,0.7265625,128
train,concept:athleteplaysinleague,undirected,2,3,0.022058823529411766,136
train,concept:athleteplaysinleague,undirected,3,43,0.3161764705882353,136
train,concept:athleteplaysinleague,undirected,4,2,0.014705882352941176,136
train,concept:athleteplaysinleague,undirected,>4_or_unreachable,88,0.6470588235294118,136
train,concept:athleteplayssport,undirected,3,40,0.1762114537444934,227
train,concept:athleteplayssport,undirected,4,5,0.022026431718061675,227
train,concept:athleteplayssport,undirected,>4_or_unreachable,182,0.801762114537445,227
train,concept:athleteplayssportsteamposition,undirected,3,2,0.0625,32
train,concept:athleteplayssportsteamposition,undirected,4,2,0.0625,32
train,concept:athleteplayssportsteamposition,undirected,>4_or_unreachable,28,0.875,32
train,concept:athletewinsawardtrophytournament,undirected,2,2,0.08,25
train,concept:athletewinsawardtrophytournament,undirected,3,2,0.08,25
train,concept:athletewinsawardtrophytournament,undirected,4,4,0.16,25
train,concept:athletewinsawardtrophytournament,undirected,>4_or_unreachable,17,0.68,25
train,concept:atlocation,undirected,1,37,0.05013550135501355,738
train,concept:atlocation,undirected,2,11,0.014905149051490514,738
train,concept:atlocation,undirected,3,137,0.1856368563685637,738
train,concept:atlocation,undirected,4,49,0.06639566395663957,738
train,concept:atlocation,undirected,>4_or_unreachable,504,0.6829268292682927,738
train,concept:attractionofcity,undirected,1,1,0.016666666666666666,60
train,concept:attractionofcity,undirected,2,1,0.016666666666666666,60
train,concept:attractionofcity,undirected,4,1,0.016666666666666666,60
train,concept:attractionofcity,undirected,>4_or_unreachable,57,0.95,60
train,concept:automakerproducesmodel,undirected,1,5,0.08928571428571429,56
train,concept:automakerproducesmodel,undirected,3,2,0.03571428571428571,56
train,concept:automakerproducesmodel,undirected,4,2,0.03571428571428571,56
train,concept:automakerproducesmodel,undirected,>4_or_unreachable,47,0.8392857142857143,56
train,concept:automobilemakercardealersinstateorprovince,undirected,2,4,0.15384615384615385,26
train,concept:automobilemakercardealersinstateorprovince,undirected,3,7,0.2692307692307692,26
train,concept:automobilemakercardealersinstateorprovince,undirected,4,9,0.34615384615384615,26
train,concept:automobilemakercardealersinstateorprovince,undirected,>4_or_unreachable,6,0.23076923076923078,26
train,concept:automobilemakerdealersincity,undirected,2,6,0.13043478260869565,46
train,concept:automobilemakerdealersincity,undirected,3,10,0.21739130434782608,46
train,concept:automobilemakerdealersincity,undirected,4,12,0.2608695652173913,46
train,concept:automobilemakerdealersincity,undirected,>4_or_unreachable,18,0.391304347826087,46
train,concept:automobilemakerdealersincountry,undirected,1,1,0.0625,16
train,concept:automobilemakerdealersincountry,undirected,2,2,0.125,16
train,concept:automobilemakerdealersincountry,undirected,3,2,0.125,16
train,concept:automobilemakerdealersincountry,undirected,4,8,0.5,16
train,concept:automobilemakerdealersincountry,undirected,>4_or_unreachable,3,0.1875,16
train,concept:awardtrophytournamentisthechampionshipgameofthenationalsport,undirected,2,1,0.05263157894736842,19
train,concept:awardtrophytournamentisthechampionshipgameofthenationalsport,undirected,3,2,0.10526315789473684,19
train,concept:awardtrophytournamentisthechampionshipgameofthenationalsport,undirected,4,2,0.10526315789473684,19
train,concept:awardtrophytournamentisthechampionshipgameofthenationalsport,undirected,>4_or_unreachable,14,0.7368421052631579,19
train,concept:bacteriaisthecausativeagentofphysiologicalcondition,undirected,3,8,0.10256410256410256,78
train,concept:bacteriaisthecausativeagentofphysiologicalcondition,undirected,>4_or_unreachable,70,0.8974358974358975,78
train,concept:bakedgoodservedwithbeverage,undirected,3,8,0.0761904761904762,105
train,concept:bakedgoodservedwithbeverage,undirected,4,4,0.0380952380952381,105
train,concept:bakedgoodservedwithbeverage,undirected,>4_or_unreachable,93,0.8857142857142857,105
train,concept:bankbankincountry,undirected,1,1,0.012195121951219513,82
train,concept:bankbankincountry,undirected,3,48,0.5853658536585366,82
train,concept:bankbankincountry,undirected,4,2,0.024390243902439025,82
train,concept:bankbankincountry,undirected,>4_or_unreachable,31,0.3780487804878049,82
train,concept:bankboughtbank,undirected,3,5,0.25,20
train,concept:bankboughtbank,undirected,4,2,0.1,20
train,concept:bankboughtbank,undirected,>4_or_unreachable,13,0.65,20
train,concept:beveragecontainsprotein,undirected,>4_or_unreachable,10,1.0,10
train,concept:beveragemadefrombeverage,undirected,2,7,0.07446808510638298,94
train,concept:beveragemadefrombeverage,undirected,3,5,0.05319148936170213,94
train,concept:beveragemadefrombeverage,undirected,4,13,0.13829787234042554,94
train,concept:beveragemadefrombeverage,undirected,>4_or_unreachable,69,0.7340425531914894,94
train,concept:bodypartcontainsbodypart,undirected,1,9,0.03734439834024896,241
train,concept:bodypartcontainsbodypart,undirected,2,24,0.0995850622406639,241
train,concept:bodypartcontainsbodypart,undirected,3,39,0.16182572614107885,241
train,concept:bodypartcontainsbodypart,undirected,4,22,0.0912863070539419,241
train,concept:bodypartcontainsbodypart,undirected,>4_or_unreachable,147,0.6099585062240664,241
train,concept:bookwriter,undirected,1,21,0.05982905982905983,351
train,concept:bookwriter,undirected,3,5,0.014245014245014245,351
train,concept:bookwriter,undirected,>4_or_unreachable,325,0.9259259259259259,351
train,concept:buildingfeaturemadefrombuildingmaterial,undirected,>4_or_unreachable,27,1.0,27
train,concept:buildinglocatedincity,undirected,1,8,0.08080808080808081,99
train,concept:buildinglocatedincity,undirected,3,4,0.04040404040404041,99
train,concept:buildinglocatedincity,undirected,4,1,0.010101010101010102,99
train,concept:buildinglocatedincity,undirected,>4_or_unreachable,86,0.8686868686868687,99
train,concept:ceoof,undirected,1,16,0.3018867924528302,53
train,concept:ceoof,undirected,3,1,0.018867924528301886,53
train,concept:ceoof,undirected,>4_or_unreachable,36,0.6792452830188679,53
train,concept:chemicalistypeofchemical,undirected,1,14,0.04827586206896552,290
train,concept:chemicalistypeofchemical,undirected,2,65,0.22413793103448276,290
train,concept:chemicalistypeofchemical,undirected,3,79,0.27241379310344827,290
train,concept:chemicalistypeofchemical,undirected,4,10,0.034482758620689655,290
train,concept:chemicalistypeofchemical,undirected,>4_or_unreachable,122,0.4206896551724138,290
train,concept:cityalsoknownas,undirected,3,3,0.15,20
train,concept:cityalsoknownas,undirected,4,1,0.05,20
train,concept:cityalsoknownas,undirected,>4_or_unreachable,16,0.8,20
train,concept:citycapitalofcountry,undirected,1,1,0.041666666666666664,24
train,concept:citycapitalofcountry,undirected,2,2,0.08333333333333333,24
train,concept:citycapitalofcountry,undirected,4,1,0.041666666666666664,24
train,concept:citycapitalofcountry,undirected,>4_or_unreachable,20,0.8333333333333334,24
train,concept:cityliesonriver,undirected,2,2,0.008620689655172414,232
train,concept:cityliesonriver,undirected,3,7,0.03017241379310345,232
train,concept:cityliesonriver,undirected,4,6,0.02586206896551724,232
train,concept:cityliesonriver,undirected,>4_or_unreachable,217,0.9353448275862069,232
train,concept:citylocatedincountry,undirected,1,4,0.043478260869565216,92
train,concept:citylocatedincountry,undirected,3,4,0.043478260869565216,92
train,concept:citylocatedincountry,undirected,4,2,0.021739130434782608,92
train,concept:citylocatedincountry,undirected,>4_or_unreachable,82,0.8913043478260869,92
train,concept:citylocatedingeopoliticallocation,undirected,1,5,0.13157894736842105,38
train,concept:citylocatedingeopoliticallocation,undirected,3,3,0.07894736842105263,38
train,concept:citylocatedingeopoliticallocation,undirected,4,5,0.13157894736842105,38
train,concept:citylocatedingeopoliticallocation,undirected,>4_or_unreachable,25,0.6578947368421053,38
train,concept:citylocatedinstate,undirected,1,6,0.045454545454545456,132
train,concept:citylocatedinstate,undirected,3,9,0.06818181818181818,132
train,concept:citylocatedinstate,undirected,4,10,0.07575757575757576,132
train,concept:citylocatedinstate,undirected,>4_or_unreachable,107,0.8106060606060606,132
train,concept:clothingmadefromplant,undirected,2,2,0.13333333333333333,15
train,concept:clothingmadefromplant,undirected,3,1,0.06666666666666667,15
train,concept:clothingmadefromplant,undirected,>4_or_unreachable,12,0.8,15
train,concept:clothingtogowithclothing,undirected,1,56,0.15512465373961218,361
train,concept:clothingtogowithclothing,undirected,2,106,0.29362880886426596,361
train,concept:clothingtogowithclothing,undirected,3,70,0.19390581717451524,361
train,concept:clothingtogowithclothing,undirected,4,9,0.024930747922437674,361
train,concept:clothingtogowithclothing,undirected,>4_or_unreachable,120,0.33240997229916897,361
train,concept:coachesinleague,undirected,3,3,0.23076923076923078,13
train,concept:coachesinleague,undirected,>4_or_unreachable,10,0.7692307692307693,13
train,concept:coachesteam,undirected,1,2,0.1,20
train,concept:coachesteam,undirected,2,1,0.05,20
train,concept:coachesteam,undirected,3,1,0.05,20
train,concept:coachesteam,undirected,>4_or_unreachable,16,0.8,20
train,concept:coachwontrophy,undirected,2,1,0.015384615384615385,65
train,concept:coachwontrophy,undirected,3,20,0.3076923076923077,65
train,concept:coachwontrophy,undirected,4,4,0.06153846153846154,65
train,concept:coachwontrophy,undirected,>4_or_unreachable,40,0.6153846153846154,65
train,concept:companyalsoknownas,undirected,1,3,0.10344827586206896,29
train,concept:companyalsoknownas,undirected,4,1,0.034482758620689655,29
train,concept:companyalsoknownas,undirected,>4_or_unreachable,25,0.8620689655172413,29
train,concept:companyeconomicsector,undirected,2,4,0.02030456852791878,197
train,concept:companyeconomicsector,undirected,3,11,0.05583756345177665,197
train,concept:companyeconomicsector,undirected,4,2,0.01015228426395939,197
train,concept:companyeconomicsector,undirected,>4_or_unreachable,180,0.9137055837563451,197
train,concept:competeswith,undirected,1,14,0.07035175879396985,199
train,concept:competeswith,undirected,2,22,0.11055276381909548,199
train,concept:competeswith,undirected,3,41,0.20603015075376885,199
train,concept:competeswith,undirected,4,17,0.08542713567839195,199
train,concept:competeswith,undirected,>4_or_unreachable,105,0.5276381909547738,199
train,concept:conceptprerequisiteof,undirected,>4_or_unreachable,68,1.0,68
train,concept:countryalsoknownas,undirected,1,21,0.23333333333333334,90
train,concept:countryalsoknownas,undirected,2,19,0.2111111111111111,90
train,concept:countryalsoknownas,undirected,3,26,0.28888888888888886,90
train,concept:countryalsoknownas,undirected,4,7,0.07777777777777778,90
train,concept:countryalsoknownas,undirected,>4_or_unreachable,17,0.18888888888888888,90
train,concept:countrycurrency,undirected,2,2,0.07407407407407407,27
train,concept:countrycurrency,undirected,3,3,0.1111111111111111,27
train,concept:countrycurrency,undirected,>4_or_unreachable,22,0.8148148148148148,27
train,concept:countrylocatedingeopoliticallocation,undirected,1,2,0.014388489208633094,139
train,concept:countrylocatedingeopoliticallocation,undirected,2,15,0.1079136690647482,139
train,concept:countrylocatedingeopoliticallocation,undirected,3,70,0.5035971223021583,139
train,concept:countrylocatedingeopoliticallocation,undirected,4,19,0.1366906474820144,139
train,concept:countrylocatedingeopoliticallocation,undirected,>4_or_unreachable,33,0.23741007194244604,139
train,concept:directordirectedmovie,undirected,>4_or_unreachable,47,1.0,47
train,concept:drughassideeffect,undirected,3,5,0.03289473684210526,152
train,concept:drughassideeffect,undirected,4,2,0.013157894736842105,152
train,concept:drughassideeffect,undirected,>4_or_unreachable,145,0.9539473684210527,152
train,concept:drugpossiblytreatsphysiologicalcondition,undirected,3,4,0.08,50
train,concept:drugpossiblytreatsphysiologicalcondition,undirected,>4_or_unreachable,46,0.92,50
train,concept:drugworkedonbyagent,undirected,3,7,0.0603448275862069,116
train,concept:drugworkedonbyagent,undirected,4,2,0.017241379310344827,116
train,concept:drugworkedonbyagent,undirected,>4_or_unreachable,107,0.9224137931034483,116
train,concept:emotionassociatedwithdisease,undirected,3,6,0.11764705882352941,51
train,concept:emotionassociatedwithdisease,undirected,>4_or_unreachable,45,0.8823529411764706,51
train,concept:fatherofperson,undirected,>4_or_unreachable,25,1.0,25
train,concept:fishservedwithfood,undirected,3,4,0.10810810810810811,37
train,concept:fishservedwithfood,undirected,4,1,0.02702702702702703,37
train,concept:fishservedwithfood,undirected,>4_or_unreachable,32,0.8648648648648649,37
train,concept:foodcancausedisease,undirected,4,2,0.06896551724137931,29
train,concept:foodcancausedisease,undirected,>4_or_unreachable,27,0.9310344827586207,29
train,concept:fooddecreasestheriskofdisease,undirected,3,6,0.10344827586206896,58
train,concept:fooddecreasestheriskofdisease,undirected,4,2,0.034482758620689655,58
train,concept:fooddecreasestheriskofdisease,undirected,>4_or_unreachable,50,0.8620689655172413,58
train,concept:furniturefoundinroom,undirected,1,6,0.016853932584269662,356
train,concept:furniturefoundinroom,undirected,3,97,0.27247191011235955,356
train,concept:furniturefoundinroom,undirected,4,1,0.0028089887640449437,356
train,concept:furniturefoundinroom,undirected,>4_or_unreachable,252,0.7078651685393258,356
train,concept:hashusband,undirected,1,2,0.10526315789473684,19
train,concept:hashusband,undirected,4,2,0.10526315789473684,19
train,concept:hashusband,undirected,>4_or_unreachable,15,0.7894736842105263,19
train,concept:hasofficeincity,undirected,1,2,0.008064516129032258,248
train,concept:hasofficeincity,undirected,3,48,0.1935483870967742,248
train,concept:hasofficeincity,undirected,4,16,0.06451612903225806,248
train,concept:hasofficeincity,undirected,>4_or_unreachable,182,0.7338709677419355,248
train,concept:hasofficeincountry,undirected,1,2,0.030303030303030304,66
train,concept:hasofficeincountry,undirected,2,5,0.07575757575757576,66
train,concept:hasofficeincountry,undirected,3,19,0.2878787878787879,66
train,concept:hasofficeincountry,undirected,4,10,0.15151515151515152,66
train,concept:hasofficeincountry,undirected,>4_or_unreachable,30,0.45454545454545453,66
train,concept:hassibling,undirected,2,1,0.07692307692307693,13
train,concept:hassibling,undirected,>4_or_unreachable,12,0.9230769230769231,13
train,concept:hasspouse,undirected,1,11,0.10576923076923077,104
train,concept:hasspouse,undirected,4,1,0.009615384615384616,104
train,concept:hasspouse,undirected,>4_or_unreachable,92,0.8846153846153846,104
train,concept:haswife,undirected,1,1,0.02702702702702703,37
train,concept:haswife,undirected,2,1,0.02702702702702703,37
train,concept:haswife,undirected,>4_or_unreachable,35,0.9459459459459459,37
train,concept:headquarteredin,undirected,1,2,0.03225806451612903,62
train,concept:headquarteredin,undirected,2,1,0.016129032258064516,62
train,concept:headquarteredin,undirected,3,2,0.03225806451612903,62
train,concept:headquarteredin,undirected,4,7,0.11290322580645161,62
train,concept:headquarteredin,undirected,>4_or_unreachable,50,0.8064516129032258,62
train,concept:hobbiessuchashobbies,undirected,3,4,0.13793103448275862,29
train,concept:hobbiessuchashobbies,undirected,>4_or_unreachable,25,0.8620689655172413,29
train,concept:hotelincity,undirected,>4_or_unreachable,85,1.0,85
train,concept:invertebratefeedonfood,undirected,1,1,0.03125,32
train,concept:invertebratefeedonfood,undirected,2,8,0.25,32
train,concept:invertebratefeedonfood,undirected,3,6,0.1875,32
train,concept:invertebratefeedonfood,undirected,4,3,0.09375,32
train,concept:invertebratefeedonfood,undirected,>4_or_unreachable,14,0.4375,32
train,concept:ismultipleof,undirected,2,3,0.15,20
train,concept:ismultipleof,undirected,3,1,0.05,20
train,concept:ismultipleof,undirected,4,2,0.1,20
train,concept:ismultipleof,undirected,>4_or_unreachable,14,0.7,20
train,concept:istallerthan,undirected,2,10,0.19607843137254902,51
train,concept:istallerthan,undirected,3,14,0.27450980392156865,51
train,concept:istallerthan,undirected,4,6,0.11764705882352941,51
train,concept:istallerthan,undirected,>4_or_unreachable,21,0.4117647058823529,51
train,concept:itemfoundinroom,undirected,1,6,0.014150943396226415,424
train,concept:itemfoundinroom,undirected,3,134,0.3160377358490566,424
train,concept:itemfoundinroom,undirected,4,1,0.0023584905660377358,424
train,concept:itemfoundinroom,undirected,>4_or_unreachable,283,0.6674528301886793,424
train,concept:journalistwritesforpublication,undirected,1,1,0.004672897196261682,214
train,concept:journalistwritesforpublication,undirected,3,18,0.08411214953271028,214
train,concept:journalistwritesforpublication,undirected,>4_or_unreachable,195,0.9112149532710281,214
train,concept:lakeinstate,undirected,>4_or_unreachable,29,1.0,29
train,concept:languageofcountry,undirected,3,26,0.41935483870967744,62
train,concept:languageofcountry,undirected,4,5,0.08064516129032258,62
train,concept:languageofcountry,undirected,>4_or_unreachable,31,0.5,62
train,concept:languageofuniversity,undirected,3,8,0.11267605633802817,71
train,concept:languageofuniversity,undirected,4,2,0.028169014084507043,71
train,concept:languageofuniversity,undirected,>4_or_unreachable,61,0.8591549295774648,71
train,concept:leaguestadiums,undirected,2,1,0.021739130434782608,46
train,concept:leaguestadiums,undirected,3,4,0.08695652173913043,46
train,concept:leaguestadiums,undirected,4,2,0.043478260869565216,46
train,concept:leaguestadiums,undirected,>4_or_unreachable,39,0.8478260869565217,46
train,concept:locationlocatedwithinlocation,undirected,1,25,0.06963788300835655,359
train,concept:locationlocatedwithinlocation,undirected,2,27,0.07520891364902507,359
train,concept:locationlocatedwithinlocation,undirected,3,63,0.17548746518105848,359
train,concept:locationlocatedwithinlocation,undirected,4,20,0.055710306406685235,359
train,concept:locationlocatedwithinlocation,undirected,>4_or_unreachable,224,0.6239554317548747,359
train,concept:mammalsuchasmammal,undirected,1,4,0.058823529411764705,68
train,concept:mammalsuchasmammal,undirected,2,22,0.3235294117647059,68
train,concept:mammalsuchasmammal,undirected,3,12,0.17647058823529413,68
train,concept:mammalsuchasmammal,undirected,4,8,0.11764705882352941,68
train,concept:mammalsuchasmammal,undirected,>4_or_unreachable,22,0.3235294117647059,68
train,concept:motherofperson,undirected,1,1,0.1111111111111111,9
train,concept:motherofperson,undirected,>4_or_unreachable,8,0.8888888888888888,9
train,concept:mountaininstate,undirected,>4_or_unreachable,20,1.0,20
train,concept:museumincity,undirected,>4_or_unreachable,16,1.0,16
train,concept:musicartistgenre,undirected,2,6,0.045454545454545456,132
train,concept:musicartistgenre,undirected,>4_or_unreachable,126,0.9545454545454546,132
train,concept:musicgenressuchasmusicgenres,undirected,2,6,0.2222222222222222,27
train,concept:musicgenressuchasmusicgenres,undirected,>4_or_unreachable,21,0.7777777777777778,27
train,concept:musicianinmusicartist,undirected,1,1,0.01020408163265306,98
train,concept:musicianinmusicartist,undirected,>4_or_unreachable,97,0.9897959183673469,98
train,concept:musicianplaysinstrument,undirected,3,11,0.088,125
train,concept:musicianplaysinstrument,undirected,>4_or_unreachable,114,0.912,125
train,concept:mutualproxyfor,undirected,1,85,0.14505119453924914,586
train,concept:mutualproxyfor,undirected,2,10,0.017064846416382253,586
train,concept:mutualproxyfor,undirected,3,82,0.13993174061433447,586
train,concept:mutualproxyfor,undirected,4,38,0.06484641638225255,586
train,concept:mutualproxyfor,undirected,>4_or_unreachable,371,0.6331058020477816,586
train,concept:newspaperincity,undirected,2,1,0.043478260869565216,23
train,concept:newspaperincity,undirected,3,2,0.08695652173913043,23
train,concept:newspaperincity,undirected,4,3,0.13043478260869565,23
train,concept:newspaperincity,undirected,>4_or_unreachable,17,0.7391304347826086,23
train,concept:objectfoundinscene,undirected,>4_or_unreachable,27,1.0,27
train,concept:objectpartofobject,undirected,>4_or_unreachable,35,1.0,35
train,concept:organizationacronymhasname,undirected,1,1,0.01639344262295082,61
train,concept:organizationacronymhasname,undirected,4,5,0.08196721311475409,61
train,concept:organizationacronymhasname,undirected,>4_or_unreachable,55,0.9016393442622951,61
train,concept:organizationalsoknownas,undirected,1,9,0.2571428571428571,35
train,concept:organizationalsoknownas,undirected,3,1,0.02857142857142857,35
train,concept:organizationalsoknownas,undirected,4,1,0.02857142857142857,35
train,concept:organizationalsoknownas,undirected,>4_or_unreachable,24,0.6857142857142857,35
train,concept:organizationdissolvedatdate,undirected,3,14,0.4666666666666667,30
train,concept:organizationdissolvedatdate,undirected,>4_or_unreachable,16,0.5333333333333333,30
train,concept:organizationheadquarteredincity,undirected,1,7,0.07526881720430108,93
train,concept:organizationheadquarteredincity,undirected,3,1,0.010752688172043012,93
train,concept:organizationheadquarteredincity,undirected,4,2,0.021505376344086023,93
train,concept:organizationheadquarteredincity,undirected,>4_or_unreachable,83,0.8924731182795699,93
train,concept:organizationheadquarteredincountry,undirected,3,1,0.014925373134328358,67
train,concept:organizationheadquarteredincountry,undirected,4,3,0.04477611940298507,67
train,concept:organizationheadquarteredincountry,undirected,>4_or_unreachable,63,0.9402985074626866,67
train,concept:organizationheadquarteredinstateorprovince,undirected,3,7,0.2413793103448276,29
train,concept:organizationheadquarteredinstateorprovince,undirected,4,2,0.06896551724137931,29
train,concept:organizationheadquarteredinstateorprovince,undirected,>4_or_unreachable,20,0.6896551724137931,29
train,concept:organizationhiredperson,undirected,1,9,0.046875,192
train,concept:organizationhiredperson,undirected,2,2,0.010416666666666666,192
train,concept:organizationhiredperson,undirected,3,23,0.11979166666666667,192
train,concept:organizationhiredperson,undirected,4,16,0.08333333333333333,192
train,concept:organizationhiredperson,undirected,>4_or_unreachable,142,0.7395833333333334,192
train,concept:organizationterminatedperson,undirected,1,26,0.19548872180451127,133
train,concept:organizationterminatedperson,undirected,3,6,0.045112781954887216,133
train,concept:organizationterminatedperson,undirected,4,3,0.022556390977443608,133
train,concept:organizationterminatedperson,undirected,>4_or_unreachable,98,0.7368421052631579,133
train,concept:parentofperson,undirected,1,3,0.05555555555555555,54
train,concept:parentofperson,undirected,2,1,0.018518518518518517,54
train,concept:parentofperson,undirected,>4_or_unreachable,50,0.9259259259259259,54
train,concept:parkincity,undirected,>4_or_unreachable,43,1.0,43
train,concept:personalsoknownas,undirected,1,6,0.125,48
train,concept:personalsoknownas,undirected,2,11,0.22916666666666666,48
train,concept:personalsoknownas,undirected,3,4,0.08333333333333333,48
train,concept:personalsoknownas,undirected,>4_or_unreachable,27,0.5625,48
train,concept:personbelongstoorganization,undirected,1,4,0.024691358024691357,162
train,concept:personbelongstoorganization,undirected,2,3,0.018518518518518517,162
train,concept:personbelongstoorganization,undirected,3,20,0.12345679012345678,162
train,concept:personbelongstoorganization,undirected,4,2,0.012345679012345678,162
train,concept:personbelongstoorganization,undirected,>4_or_unreachable,133,0.8209876543209876,162
train,concept:personbornincity,undirected,1,7,0.0707070707070707,99
train,concept:personbornincity,undirected,3,25,0.25252525252525254,99
train,concept:personbornincity,undirected,4,3,0.030303030303030304,99
train,concept:personbornincity,undirected,>4_or_unreachable,64,0.6464646464646465,99
train,concept:personborninlocation,undirected,1,7,0.10606060606060606,66
train,concept:personborninlocation,undirected,3,15,0.22727272727272727,66
train,concept:personborninlocation,undirected,4,3,0.045454545454545456,66
train,concept:personborninlocation,undirected,>4_or_unreachable,41,0.6212121212121212,66
train,concept:personchargedwithcrime,undirected,3,12,0.23076923076923078,52
train,concept:personchargedwithcrime,undirected,>4_or_unreachable,40,0.7692307692307693,52
train,concept:persondiedincountry,undirected,3,4,0.022988505747126436,174
train,concept:persondiedincountry,undirected,4,1,0.005747126436781609,174
train,concept:persondiedincountry,undirected,>4_or_unreachable,169,0.9712643678160919,174
train,concept:persongraduatedfromuniversity,undirected,1,10,0.09433962264150944,106
train,concept:persongraduatedfromuniversity,undirected,2,2,0.018867924528301886,106
train,concept:persongraduatedfromuniversity,undirected,3,31,0.29245283018867924,106
train,concept:persongraduatedfromuniversity,undirected,4,4,0.03773584905660377,106
train,concept:persongraduatedfromuniversity,undirected,>4_or_unreachable,59,0.5566037735849056,106
train,concept:persongraduatedschool,undirected,1,10,0.125,80
train,concept:persongraduatedschool,undirected,2,1,0.0125,80
train,concept:persongraduatedschool,undirected,3,29,0.3625,80
train,concept:persongraduatedschool,undirected,4,2,0.025,80
train,concept:persongraduatedschool,undirected,>4_or_unreachable,38,0.475,80
train,concept:personhascitizenship,undirected,3,14,0.2413793103448276,58
train,concept:personhascitizenship,undirected,4,4,0.06896551724137931,58
train,concept:personhascitizenship,undirected,>4_or_unreachable,40,0.6896551724137931,58
train,concept:personhasjobposition,undirected,2,1,0.009900990099009901,101
train,concept:personhasjobposition,undirected,3,2,0.019801980198019802,101
train,concept:personhasjobposition,undirected,>4_or_unreachable,98,0.9702970297029703,101
train,concept:personhasresidenceingeopoliticallocation,undirected,1,2,0.03508771929824561,57
train,concept:personhasresidenceingeopoliticallocation,undirected,3,9,0.15789473684210525,57
train,concept:personhasresidenceingeopoliticallocation,undirected,4,6,0.10526315789473684,57
train,concept:personhasresidenceingeopoliticallocation,undirected,>4_or_unreachable,40,0.7017543859649122,57
train,concept:personleadsgeopoliticalorganization,undirected,1,1,0.043478260869565216,23
train,concept:personleadsgeopoliticalorganization,undirected,3,1,0.043478260869565216,23
train,concept:personleadsgeopoliticalorganization,undirected,4,3,0.13043478260869565,23
train,concept:personleadsgeopoliticalorganization,undirected,>4_or_unreachable,18,0.782608695652174,23
train,concept:personleadsorganization,undirected,1,18,0.18947368421052632,95
train,concept:personleadsorganization,undirected,3,4,0.042105263157894736,95
train,concept:personleadsorganization,undirected,4,2,0.021052631578947368,95
train,concept:personleadsorganization,undirected,>4_or_unreachable,71,0.7473684210526316,95
train,concept:personmovedtostateorprovince,undirected,3,12,0.2926829268292683,41
train,concept:personmovedtostateorprovince,undirected,4,5,0.12195121951219512,41
train,concept:personmovedtostateorprovince,undirected,>4_or_unreachable,24,0.5853658536585366,41
train,concept:plantgrowinginplant,undirected,2,2,0.10526315789473684,19
train,concept:plantgrowinginplant,undirected,4,2,0.10526315789473684,19
train,concept:plantgrowinginplant,undirected,>4_or_unreachable,15,0.7894736842105263,19
train,concept:plantincludeplant,undirected,1,26,0.16993464052287582,153
train,concept:plantincludeplant,undirected,2,4,0.026143790849673203,153
train,concept:plantincludeplant,undirected,3,23,0.1503267973856209,153
train,concept:plantincludeplant,undirected,4,4,0.026143790849673203,153
train,concept:plantincludeplant,undirected,>4_or_unreachable,96,0.6274509803921569,153
train,concept:plantrepresentemotion,undirected,>4_or_unreachable,19,1.0,19
train,concept:politicianholdsoffice,undirected,2,2,0.024096385542168676,83
train,concept:politicianholdsoffice,undirected,3,12,0.14457831325301204,83
train,concept:politicianholdsoffice,undirected,4,3,0.03614457831325301,83
train,concept:politicianholdsoffice,undirected,>4_or_unreachable,66,0.7951807228915663,83
train,concept:politicianrepresentslocation,undirected,2,2,0.022988505747126436,87
train,concept:politicianrepresentslocation,undirected,3,24,0.27586206896551724,87
train,concept:politicianrepresentslocation,undirected,4,9,0.10344827586206896,87
train,concept:politicianrepresentslocation,undirected,>4_or_unreachable,52,0.5977011494252874,87
train,concept:politicianusendorsedbypoliticianus,undirected,1,24,0.1437125748502994,167
train,concept:politicianusendorsedbypoliticianus,undirected,2,36,0.2155688622754491,167
train,concept:politicianusendorsedbypoliticianus,undirected,3,40,0.23952095808383234,167
train,concept:politicianusendorsedbypoliticianus,undirected,4,9,0.05389221556886228,167
train,concept:politicianusendorsedbypoliticianus,undirected,>4_or_unreachable,58,0.3473053892215569,167
train,concept:politicianusholdsoffice,undirected,2,5,0.10204081632653061,49
train,concept:politicianusholdsoffice,undirected,3,13,0.2653061224489796,49
train,concept:politicianusholdsoffice,undirected,4,4,0.08163265306122448,49
train,concept:politicianusholdsoffice,undirected,>4_or_unreachable,27,0.5510204081632653,49
train,concept:politicianusmemberofpoliticalgroup,undirected,2,3,0.05357142857142857,56
train,concept:politicianusmemberofpoliticalgroup,undirected,3,6,0.10714285714285714,56
train,concept:politicianusmemberofpoliticalgroup,undirected,4,3,0.05357142857142857,56
train,concept:politicianusmemberofpoliticalgroup,undirected,>4_or_unreachable,44,0.7857142857142857,56
train,concept:producesproduct,undirected,1,5,0.07692307692307693,65
train,concept:producesproduct,undirected,2,1,0.015384615384615385,65
train,concept:producesproduct,undirected,3,3,0.046153846153846156,65
train,concept:producesproduct,undirected,4,2,0.03076923076923077,65
train,concept:producesproduct,undirected,>4_or_unreachable,54,0.8307692307692308,65
train,concept:professionistypeofprofession,undirected,1,50,0.11574074074074074,432
train,concept:professionistypeofprofession,undirected,2,120,0.2777777777777778,432
train,concept:professionistypeofprofession,undirected,3,95,0.2199074074074074,432
train,concept:professionistypeofprofession,undirected,4,17,0.03935185185185185,432
train,concept:professionistypeofprofession,undirected,>4_or_unreachable,150,0.3472222222222222,432
train,concept:professionusestool,undirected,2,5,0.18518518518518517,27
train,concept:professionusestool,undirected,3,2,0.07407407407407407,27
train,concept:professionusestool,undirected,4,2,0.07407407407407407,27
train,concept:professionusestool,undirected,>4_or_unreachable,18,0.6666666666666666,27
train,concept:proxyfor,undirected,1,61,0.07027649769585254,868
train,concept:proxyfor,undirected,2,26,0.029953917050691243,868
train,concept:proxyfor,undirected,3,136,0.15668202764976957,868
train,concept:proxyfor,undirected,4,46,0.052995391705069124,868
train,concept:proxyfor,undirected,>4_or_unreachable,599,0.6900921658986175,868
train,concept:radiostationincity,undirected,>4_or_unreachable,38,1.0,38
train,concept:riveremptiesintoriver,undirected,2,1,0.018867924528301886,53
train,concept:riveremptiesintoriver,undirected,>4_or_unreachable,52,0.9811320754716981,53
train,concept:specializationof,undirected,1,5,0.11904761904761904,42
train,concept:specializationof,undirected,2,5,0.11904761904761904,42
train,concept:specializationof,undirected,3,4,0.09523809523809523,42
train,concept:specializationof,undirected,4,4,0.09523809523809523,42
train,concept:specializationof,undirected,>4_or_unreachable,24,0.5714285714285714,42
train,concept:sportfansincountry,undirected,1,4,0.09302325581395349,43
train,concept:sportfansincountry,undirected,3,28,0.6511627906976745,43
train,concept:sportfansincountry,undirected,4,1,0.023255813953488372,43
train,concept:sportfansincountry,undirected,>4_or_unreachable,10,0.23255813953488372,43
train,concept:sporthassportsteamposition,undirected,3,1,0.03225806451612903,31
train,concept:sporthassportsteamposition,undirected,4,4,0.12903225806451613,31
train,concept:sporthassportsteamposition,undirected,>4_or_unreachable,26,0.8387096774193549,31
train,concept:sportschoolincountry,undirected,1,4,0.0784313725490196,51
train,concept:sportschoolincountry,undirected,3,29,0.5686274509803921,51
train,concept:sportschoolincountry,undirected,4,1,0.0196078431372549,51
train,concept:sportschoolincountry,undirected,>4_or_unreachable,17,0.3333333333333333,51
train,concept:sportsgamesport,undirected,3,4,0.18181818181818182,22
train,concept:sportsgamesport,undirected,4,2,0.09090909090909091,22
train,concept:sportsgamesport,undirected,>4_or_unreachable,16,0.7272727272727273,22
train,concept:sportsgameteam,undirected,2,49,0.34507042253521125,142
train,concept:sportsgameteam,undirected,3,51,0.3591549295774648,142
train,concept:sportsgameteam,undirected,4,7,0.04929577464788732,142
train,concept:sportsgameteam,undirected,>4_or_unreachable,35,0.24647887323943662,142
train,concept:sportsgamewinner,undirected,2,1,0.027777777777777776,36
train,concept:sportsgamewinner,undirected,3,6,0.16666666666666666,36
train,concept:sportsgamewinner,undirected,4,2,0.05555555555555555,36
train,concept:sportsgamewinner,undirected,>4_or_unreachable,27,0.75,36
train,concept:sportusesequipment,undirected,3,25,0.25510204081632654,98
train,concept:sportusesequipment,undirected,>4_or_unreachable,73,0.7448979591836735,98
train,concept:sportusesstadium,undirected,3,5,0.1724137931034483,29
train,concept:sportusesstadium,undirected,4,1,0.034482758620689655,29
train,concept:sportusesstadium,undirected,>4_or_unreachable,23,0.7931034482758621,29
train,concept:stadiumlocatedincity,undirected,3,2,0.029850746268656716,67
train,concept:stadiumlocatedincity,undirected,>4_or_unreachable,65,0.9701492537313433,67
train,concept:statehascapital,undirected,>4_or_unreachable,15,1.0,15
train,concept:statelocatedincountry,undirected,1,1,0.038461538461538464,26
train,concept:statelocatedincountry,undirected,2,5,0.19230769230769232,26
train,concept:statelocatedincountry,undirected,3,2,0.07692307692307693,26
train,concept:statelocatedincountry,undirected,4,3,0.11538461538461539,26
train,concept:statelocatedincountry,undirected,>4_or_unreachable,15,0.5769230769230769,26
train,concept:statelocatedingeopoliticallocation,undirected,1,3,0.02830188679245283,106
train,concept:statelocatedingeopoliticallocation,undirected,2,15,0.14150943396226415,106
train,concept:statelocatedingeopoliticallocation,undirected,3,37,0.3490566037735849,106
train,concept:statelocatedingeopoliticallocation,undirected,4,15,0.14150943396226415,106
train,concept:statelocatedingeopoliticallocation,undirected,>4_or_unreachable,36,0.33962264150943394,106
train,concept:stateorprovinceisborderedbystateorprovince,undirected,1,2,0.0625,32
train,concept:stateorprovinceisborderedbystateorprovince,undirected,2,4,0.125,32
train,concept:stateorprovinceisborderedbystateorprovince,undirected,3,5,0.15625,32
train,concept:stateorprovinceisborderedbystateorprovince,undirected,4,12,0.375,32
train,concept:stateorprovinceisborderedbystateorprovince,undirected,>4_or_unreachable,9,0.28125,32
train,concept:subpartof,undirected,1,55,0.08172362555720654,673
train,concept:subpartof,undirected,2,10,0.014858841010401188,673
train,concept:subpartof,undirected,3,109,0.16196136701337296,673
train,concept:subpartof,undirected,4,19,0.02823179791976226,673
train,concept:subpartof,undirected,>4_or_unreachable,480,0.7132243684992571,673
train,concept:subpartoforganization,undirected,1,1,0.002898550724637681,345
train,concept:subpartoforganization,undirected,3,57,0.16521739130434782,345
train,concept:subpartoforganization,undirected,4,13,0.03768115942028986,345
train,concept:subpartoforganization,undirected,>4_or_unreachable,274,0.7942028985507247,345
train,concept:synonymfor,undirected,1,13,0.12871287128712872,101
train,concept:synonymfor,undirected,2,3,0.0297029702970297,101
train,concept:synonymfor,undirected,3,12,0.1188118811881188,101
train,concept:synonymfor,undirected,4,7,0.06930693069306931,101
train,concept:synonymfor,undirected,>4_or_unreachable,66,0.6534653465346535,101
train,concept:teamalsoknownas,undirected,1,3,0.10714285714285714,28
train,concept:teamalsoknownas,undirected,2,3,0.10714285714285714,28
train,concept:teamalsoknownas,undirected,3,7,0.25,28
train,concept:teamalsoknownas,undirected,>4_or_unreachable,15,0.5357142857142857,28
train,concept:teamhomestadium,undirected,2,2,0.06896551724137931,29
train,concept:teamhomestadium,undirected,3,8,0.27586206896551724,29
train,concept:teamhomestadium,undirected,4,3,0.10344827586206896,29
train,concept:teamhomestadium,undirected,>4_or_unreachable,16,0.5517241379310345,29
train,concept:teamplaysagainstteam,undirected,1,84,0.14383561643835616,584
train,concept:teamplaysagainstteam,undirected,2,300,0.5136986301369864,584
train,concept:teamplaysagainstteam,undirected,3,105,0.1797945205479452,584
train,concept:teamplaysagainstteam,undirected,4,25,0.04280821917808219,584
train,concept:teamplaysagainstteam,undirected,>4_or_unreachable,70,0.11986301369863013,584
train,concept:teamplaysincity,undirected,3,2,0.03333333333333333,60
train,concept:teamplaysincity,undirected,4,6,0.1,60
train,concept:teamplaysincity,undirected,>4_or_unreachable,52,0.8666666666666667,60
train,concept:teamplaysinleague,undirected,2,10,0.06329113924050633,158
train,concept:teamplaysinleague,undirected,3,43,0.2721518987341772,158
train,concept:teamplaysinleague,undirected,>4_or_unreachable,105,0.6645569620253164,158
train,concept:teamplayssport,undirected,2,8,0.23529411764705882,34
train,concept:teamplayssport,undirected,3,9,0.2647058823529412,34
train,concept:teamplayssport,undirected,4,2,0.058823529411764705,34
train,concept:teamplayssport,undirected,>4_or_unreachable,15,0.4411764705882353,34
train,concept:teamwontrophy,undirected,2,12,0.24,50
train,concept:teamwontrophy,undirected,3,20,0.4,50
train,concept:teamwontrophy,undirected,4,4,0.08,50
train,concept:teamwontrophy,undirected,>4_or_unreachable,14,0.28,50
train,concept:televisionstationaffiliatedwith,undirected,3,22,0.13580246913580246,162
train,concept:televisionstationaffiliatedwith,undirected,4,1,0.006172839506172839,162
train,concept:televisionstationaffiliatedwith,undirected,>4_or_unreachable,139,0.8580246913580247,162
train,concept:televisionstationincity,undirected,1,3,0.08571428571428572,35
train,concept:televisionstationincity,undirected,4,1,0.02857142857142857,35
train,concept:televisionstationincity,undirected,>4_or_unreachable,31,0.8857142857142857,35
train,concept:thinghascolor,undirected,4,2,0.05714285714285714,35
train,concept:thinghascolor,undirected,>4_or_unreachable,33,0.9428571428571428,35
train,concept:thinghasshape,undirected,>4_or_unreachable,37,1.0,37
train,concept:topmemberoforganization,undirected,1,14,0.25,56
train,concept:topmemberoforganization,undirected,3,1,0.017857142857142856,56
train,concept:topmemberoforganization,undirected,>4_or_unreachable,41,0.7321428571428571,56
train,concept:touristattractionsuchastouristattraction,undirected,>4_or_unreachable,143,1.0,143
train,concept:transportationincity,undirected,2,1,0.05263157894736842,19
train,concept:transportationincity,undirected,>4_or_unreachable,18,0.9473684210526315,19
train,concept:visualartistartform,undirected,3,17,0.2125,80
train,concept:visualartistartform,undirected,>4_or_unreachable,63,0.7875,80
train,concept:weaponmadeincountry,undirected,3,19,0.30158730158730157,63
train,concept:weaponmadeincountry,undirected,4,4,0.06349206349206349,63
train,concept:weaponmadeincountry,undirected,>4_or_unreachable,40,0.6349206349206349,63
train,concept:weaponssuchasweapons,undirected,>4_or_unreachable,164,1.0,164
train,concept:worksfor,undirected,1,15,0.08021390374331551,187
train,concept:worksfor,undirected,2,1,0.0053475935828877,187
train,concept:worksfor,undirected,3,17,0.09090909090909091,187
train,concept:worksfor,undirected,4,4,0.0213903743315508,187
train,concept:worksfor,undirected,>4_or_unreachable,150,0.8021390374331551,187
valid,concept:academicfieldconcernssubject,undirected,2,1,0.2,30
valid,concept:academicfieldconcernssubject,undirected,3,1,0.2,30
valid,concept:academicfieldconcernssubject,undirected,4,2,0.4,30
valid,concept:academicfieldconcernssubject,undirected,>4_or_unreachable,1,0.2,30
valid,concept:academicfieldsuchasacademicfield,undirected,1,1,0.05,101
valid,concept:academicfieldsuchasacademicfield,undirected,2,9,0.45,101
valid,concept:academicfieldsuchasacademicfield,undirected,3,7,0.35,101
valid,concept:academicfieldsuchasacademicfield,undirected,4,1,0.05,101
valid,concept:academicfieldsuchasacademicfield,undirected,>4_or_unreachable,2,0.1,101
valid,concept:academicprogramatuniversity,undirected,2,5,0.15625,225
valid,concept:academicprogramatuniversity,undirected,3,19,0.59375,225
valid,concept:academicprogramatuniversity,undirected,4,1,0.03125,225
valid,concept:academicprogramatuniversity,undirected,>4_or_unreachable,7,0.21875,225
valid,concept:acquired,undirected,4,1,0.2,62
valid,concept:acquired,undirected,>4_or_unreachable,4,0.8,62
valid,concept:agentactsinlocation,undirected,1,2,0.03508771929824561,276
valid,concept:agentactsinlocation,undirected,2,4,0.07017543859649122,276
valid,concept:agentactsinlocation,undirected,3,33,0.5789473684210527,276
valid,concept:agentactsinlocation,undirected,4,4,0.07017543859649122,276
valid,concept:agentactsinlocation,undirected,>4_or_unreachable,14,0.24561403508771928,276
valid,concept:agentbelongstoorganization,undirected,1,5,0.38461538461538464,87
valid,concept:agentbelongstoorganization,undirected,3,7,0.5384615384615384,87
valid,concept:agentbelongstoorganization,undirected,>4_or_unreachable,1,0.07692307692307693,87
valid,concept:agentcollaborateswithagent,undirected,1,27,0.4426229508196721,304
valid,concept:agentcollaborateswithagent,undirected,2,1,0.01639344262295082,304
valid,concept:agentcollaborateswithagent,undirected,3,16,0.26229508196721313,304
valid,concept:agentcollaborateswithagent,undirected,4,5,0.08196721311475409,304
valid,concept:agentcollaborateswithagent,undirected,>4_or_unreachable,12,0.19672131147540983,304
valid,concept:agentcompeteswithagent,undirected,1,5,0.15151515151515152,198
valid,concept:agentcompeteswithagent,undirected,2,5,0.15151515151515152,198
valid,concept:agentcompeteswithagent,undirected,3,11,0.3333333333333333,198
valid,concept:agentcompeteswithagent,undirected,4,5,0.15151515151515152,198
valid,concept:agentcompeteswithagent,undirected,>4_or_unreachable,7,0.21212121212121213,198
valid,concept:agentcontributedtocreativework,undirected,1,7,0.5,173
valid,concept:agentcontributedtocreativework,undirected,3,1,0.07142857142857142,173
valid,concept:agentcontributedtocreativework,undirected,>4_or_unreachable,6,0.42857142857142855,173
valid,concept:agentcontrols,undirected,1,11,0.2,293
valid,concept:agentcontrols,undirected,2,2,0.03636363636363636,293
valid,concept:agentcontrols,undirected,3,23,0.41818181818181815,293
valid,concept:agentcontrols,undirected,4,9,0.16363636363636364,293
valid,concept:agentcontrols,undirected,>4_or_unreachable,10,0.18181818181818182,293
valid,concept:agentcreated,undirected,1,30,0.410958904109589,764
valid,concept:agentcreated,undirected,2,1,0.0136986301369863,764
valid,concept:agentcreated,undirected,3,11,0.1506849315068493,764
valid,concept:agentcreated,undirected,4,7,0.0958904109589041,764
valid,concept:agentcreated,undirected,>4_or_unreachable,24,0.3287671232876712,764
valid,concept:agentinvolvedwithitem,undirected,1,1,0.030303030303030304,211
valid,concept:agentinvolvedwithitem,undirected,2,2,0.06060606060606061,211
valid,concept:agentinvolvedwithitem,undirected,3,9,0.2727272727272727,211
valid,concept:agentinvolvedwithitem,undirected,4,2,0.06060606060606061,211
valid,concept:agentinvolvedwithitem,undirected,>4_or_unreachable,19,0.5757575757575758,211
valid,concept:agentparticipatedinevent,undirected,2,5,0.1724137931034483,229
valid,concept:agentparticipatedinevent,undirected,3,9,0.3103448275862069,229
valid,concept:agentparticipatedinevent,undirected,4,5,0.1724137931034483,229
valid,concept:agentparticipatedinevent,undirected,>4_or_unreachable,10,0.3448275862068966,229
valid,concept:agriculturalproductcamefromcountry,undirected,3,4,0.3333333333333333,21
valid,concept:agriculturalproductcamefromcountry,undirected,4,2,0.16666666666666666,21
valid,concept:agriculturalproductcamefromcountry,undirected,>4_or_unreachable,6,0.5,21
valid,concept:agriculturalproductcomingfromvertebrate,undirected,2,2,0.3333333333333333,71
valid,concept:agriculturalproductcomingfromvertebrate,undirected,3,1,0.16666666666666666,71
valid,concept:agriculturalproductcomingfromvertebrate,undirected,4,2,0.3333333333333333,71
valid,concept:agriculturalproductcomingfromvertebrate,undirected,>4_or_unreachable,1,0.16666666666666666,71
valid,concept:agriculturalproductcontainchemical,undirected,3,2,0.4,44
valid,concept:agriculturalproductcontainchemical,undirected,>4_or_unreachable,3,0.6,44
valid,concept:agriculturalproductcookedwithagriculturalproduct,undirected,1,12,0.19047619047619047,214
valid,concept:agriculturalproductcookedwithagriculturalproduct,undirected,2,25,0.3968253968253968,214
valid,concept:agriculturalproductcookedwithagriculturalproduct,undirected,3,21,0.3333333333333333,214
valid,concept:agriculturalproductcookedwithagriculturalproduct,undirected,4,5,0.07936507936507936,214
valid,concept:agriculturalproductcutintogeometricshape,undirected,2,1,0.06666666666666667,41
valid,concept:agriculturalproductcutintogeometricshape,undirected,3,6,0.4,41
valid,concept:agriculturalproductcutintogeometricshape,undirected,4,2,0.13333333333333333,41
valid,concept:agriculturalproductcutintogeometricshape,undirected,>4_or_unreachable,6,0.4,41
valid,concept:agriculturalproductgrowinginstateorprovince,undirected,3,1,0.2,15
valid,concept:agriculturalproductgrowinginstateorprovince,undirected,4,2,0.4,15
valid,concept:agriculturalproductgrowinginstateorprovince,undirected,>4_or_unreachable,2,0.4,15
valid,concept:agriculturalproductgrowninlandscapefeatures,undirected,3,4,0.8,25
valid,concept:agriculturalproductgrowninlandscapefeatures,undirected,4,1,0.2,25
valid,concept:agriculturalproductincludingagriculturalproduct,undirected,1,1,0.041666666666666664,73
valid,concept:agriculturalproductincludingagriculturalproduct,undirected,2,4,0.16666666666666666,73
valid,concept:agriculturalproductincludingagriculturalproduct,undirected,3,7,0.2916666666666667,73
valid,concept:agriculturalproductincludingagriculturalproduct,undirected,4,3,0.125,73
valid,concept:agriculturalproductincludingagriculturalproduct,undirected,>4_or_unreachable,9,0.375,73
valid,concept:agriculturalproducttoattractinsect,undirected,2,2,0.25,28
valid,concept:agriculturalproducttoattractinsect,undirected,3,3,0.375,28
valid,concept:agriculturalproducttoattractinsect,undirected,>4_or_unreachable,3,0.375,28
valid,concept:airportincity,undirected,1,3,1.0,62
valid,concept:animaldevelopdisease,undirected,2,2,0.1,119
valid,concept:animaldevelopdisease,undirected,3,6,0.3,119
valid,concept:animaldevelopdisease,undirected,4,2,0.1,119
valid,concept:animaldevelopdisease,undirected,>4_or_unreachable,10,0.5,119
valid,concept:animaleatfood,undirected,1,1,0.09090909090909091,118
valid,concept:animaleatfood,undirected,4,2,0.18181818181818182,118
valid,concept:animaleatfood,undirected,>4_or_unreachable,8,0.7272727272727273,118
valid,concept:animaleatvegetable,undirected,3,3,0.2727272727272727,44
valid,concept:animaleatvegetable,undirected,4,2,0.18181818181818182,44
valid,concept:animaleatvegetable,undirected,>4_or_unreachable,6,0.5454545454545454,44
valid,concept:animalistypeofanimal,undirected,1,32,0.34408602150537637,280
valid,concept:animalistypeofanimal,undirected,2,24,0.25806451612903225,280
valid,concept:animalistypeofanimal,undirected,3,27,0.2903225806451613,280
valid,concept:animalistypeofanimal,undirected,4,2,0.021505376344086023,280
valid,concept:animalistypeofanimal,undirected,>4_or_unreachable,8,0.08602150537634409,280
valid,concept:animalpreyson,undirected,1,34,0.3541666666666667,257
valid,concept:animalpreyson,undirected,2,27,0.28125,257
valid,concept:animalpreyson,undirected,3,22,0.22916666666666666,257
valid,concept:animalpreyson,undirected,4,5,0.052083333333333336,257
valid,concept:animalpreyson,undirected,>4_or_unreachable,4,0.041666666666666664,257
valid,concept:animalpreyson,undirected,self_loop,4,0.041666666666666664,257
valid,concept:animalsuchasfish,undirected,1,1,0.08333333333333333,61
valid,concept:animalsuchasfish,undirected,3,2,0.16666666666666666,61
valid,concept:animalsuchasfish,undirected,>4_or_unreachable,9,0.75,61
valid,concept:animalsuchasinsect,undirected,1,22,0.5641025641025641,90
valid,concept:animalsuchasinsect,undirected,2,10,0.2564102564102564,90
valid,concept:animalsuchasinsect,undirected,3,6,0.15384615384615385,90
valid,concept:animalsuchasinsect,undirected,4,1,0.02564102564102564,90
valid,concept:animalsuchasinvertebrate,undirected,1,6,0.3333333333333333,45
valid,concept:animalsuchasinvertebrate,undirected,2,6,0.3333333333333333,45
valid,concept:animalsuchasinvertebrate,undirected,3,4,0.2222222222222222,45
valid,concept:animalsuchasinvertebrate,undirected,4,1,0.05555555555555555,45
valid,concept:animalsuchasinvertebrate,undirected,>4_or_unreachable,1,0.05555555555555555,45
valid,concept:animalthatfeedoninsect,undirected,1,9,0.42857142857142855,59
valid,concept:animalthatfeedoninsect,undirected,2,9,0.42857142857142855,59
valid,concept:animalthatfeedoninsect,undirected,3,3,0.14285714285714285,59
valid,concept:arterycalledartery,undirected,1,2,0.2222222222222222,47
valid,concept:arterycalledartery,undirected,2,1,0.1111111111111111,47
valid,concept:arterycalledartery,undirected,3,6,0.6666666666666666,47
valid,concept:arthropodandotherarthropod,undirected,1,11,0.6111111111111112,51
valid,concept:arthropodandotherarthropod,undirected,2,5,0.2777777777777778,51
valid,concept:arthropodandotherarthropod,undirected,3,1,0.05555555555555555,51
valid,concept:arthropodandotherarthropod,undirected,>4_or_unreachable,1,0.05555555555555555,51
valid,concept:arthropodcalledarthropod,undirected,1,12,0.5,62
valid,concept:arthropodcalledarthropod,undirected,2,6,0.25,62
valid,concept:arthropodcalledarthropod,undirected,3,1,0.041666666666666664,62
valid,concept:arthropodcalledarthropod,undirected,4,3,0.125,62
valid,concept:arthropodcalledarthropod,undirected,>4_or_unreachable,2,0.08333333333333333,62
valid,concept:atdate,undirected,2,32,0.03591470258136925,2535
valid,concept:atdate,undirected,3,774,0.8686868686868687,2535
valid,concept:atdate,undirected,4,40,0.04489337822671156,2535
valid,concept:atdate,undirected,>4_or_unreachable,45,0.050505050505050504,2535
valid,concept:athletebeatathlete,undirected,2,2,0.5,26
valid,concept:athletebeatathlete,undirected,>4_or_unreachable,2,0.5,26
valid,concept:athleteflyouttosportsteamposition,undirected,3,14,0.7777777777777778,143
valid,concept:athleteflyouttosportsteamposition,undirected,4,3,0.16666666666666666,143
valid,concept:athleteflyouttosportsteamposition,undirected,>4_or_unreachable,1,0.05555555555555555,143
valid,concept:athletehomestadium,undirected,2,3,0.23076923076923078,87
valid,concept:athletehomestadium,undirected,4,5,0.38461538461538464,87
valid,concept:athletehomestadium,undirected,>4_or_unreachable,5,0.38461538461538464,87
valid,concept:athleteinjuredhisbodypart,undirected,3,1,0.07692307692307693,34
valid,concept:athleteinjuredhisbodypart,undirected,>4_or_unreachable,12,0.9230769230769231,34
valid,concept:athleteledsportsteam,undirected,1,4,0.3076923076923077,66
valid,concept:athleteledsportsteam,undirected,3,4,0.3076923076923077,66
valid,concept:athleteledsportsteam,undirected,4,3,0.23076923076923078,66
valid,concept:athleteledsportsteam,undirected,>4_or_unreachable,2,0.15384615384615385,66
valid,concept:athleteplaysforteam,undirected,1,2,0.1,128
valid,concept:athleteplaysforteam,undirected,2,4,0.2,128
valid,concept:athleteplaysforteam,undirected,3,11,0.55,128
valid,concept:athleteplaysforteam,undirected,>4_or_unreachable,3,0.15,128
valid,concept:athleteplaysinleague,undirected,3,20,0.8,136
valid,concept:athleteplaysinleague,undirected,4,4,0.16,136
valid,concept:athleteplaysinleague,undirected,>4_or_unreachable,1,0.04,136
valid,concept:athleteplayssport,undirected,2,1,0.058823529411764705,227
valid,concept:athleteplayssport,undirected,3,12,0.7058823529411765,227
valid,concept:athleteplayssport,undirected,4,4,0.23529411764705882,227
valid,concept:athleteplayssportsteamposition,undirected,4,2,0.3333333333333333,32
valid,concept:athleteplayssportsteamposition,undirected,>4_or_unreachable,4,0.6666666666666666,32
valid,concept:athletewinsawardtrophytournament,undirected,2,1,0.14285714285714285,25
valid,concept:athletewinsawardtrophytournament,undirected,3,1,0.14285714285714285,25
valid,concept:athletewinsawardtrophytournament,undirected,4,3,0.42857142857142855,25
valid,concept:athletewinsawardtrophytournament,undirected,>4_or_unreachable,2,0.2857142857142857,25
valid,concept:atlocation,undirected,1,12,0.07692307692307693,738
valid,concept:atlocation,undirected,2,1,0.00641025641025641,738
valid,concept:atlocation,undirected,3,79,0.5064102564102564,738
valid,concept:atlocation,undirected,4,23,0.14743589743589744,738
valid,concept:atlocation,undirected,>4_or_unreachable,41,0.26282051282051283,738
valid,concept:attractionofcity,undirected,1,1,0.5,60
valid,concept:attractionofcity,undirected,>4_or_unreachable,1,0.5,60
valid,concept:automakerproducesmodel,undirected,1,1,0.125,56
valid,concept:automakerproducesmodel,undirected,2,1,0.125,56
valid,concept:automakerproducesmodel,undirected,3,2,0.25,56
valid,concept:automakerproducesmodel,undirected,>4_or_unreachable,4,0.5,56
valid,concept:automobilemakercardealersinstateorprovince,undirected,2,1,0.1,26
valid,concept:automobilemakercardealersinstateorprovince,undirected,3,4,0.4,26
valid,concept:automobilemakercardealersinstateorprovince,undirected,4,3,0.3,26
valid,concept:automobilemakercardealersinstateorprovince,undirected,>4_or_unreachable,2,0.2,26
valid,concept:automobilemakerdealersincity,undirected,3,6,0.5454545454545454,46
valid,concept:automobilemakerdealersincity,undirected,4,3,0.2727272727272727,46
valid,concept:automobilemakerdealersincity,undirected,>4_or_unreachable,2,0.18181818181818182,46
valid,concept:automobilemakerdealersincountry,undirected,1,1,0.2,16
valid,concept:automobilemakerdealersincountry,undirected,3,4,0.8,16
valid,concept:awardtrophytournamentisthechampionshipgameofthenationalsport,undirected,2,1,0.16666666666666666,19
valid,concept:awardtrophytournamentisthechampionshipgameofthenationalsport,undirected,3,1,0.16666666666666666,19
valid,concept:awardtrophytournamentisthechampionshipgameofthenationalsport,undirected,>4_or_unreachable,4,0.6666666666666666,19
valid,concept:bacteriaisthecausativeagentofphysiologicalcondition,undirected,>4_or_unreachable,7,1.0,78
valid,concept:bakedgoodservedwithbeverage,undirected,3,1,0.07692307692307693,105
valid,concept:bakedgoodservedwithbeverage,undirected,>4_or_unreachable,12,0.9230769230769231,105
valid,concept:bankbankincountry,undirected,3,11,0.7857142857142857,82
valid,concept:bankbankincountry,undirected,4,1,0.07142857142857142,82
valid,concept:bankbankincountry,undirected,>4_or_unreachable,2,0.14285714285714285,82
valid,concept:beveragecontainsprotein,undirected,3,2,0.6666666666666666,10
valid,concept:beveragecontainsprotein,undirected,>4_or_unreachable,1,0.3333333333333333,10
valid,concept:beveragemadefrombeverage,undirected,2,1,0.07692307692307693,94
valid,concept:beveragemadefrombeverage,undirected,3,5,0.38461538461538464,94
valid,concept:beveragemadefrombeverage,undirected,4,4,0.3076923076923077,94
valid,concept:beveragemadefrombeverage,undirected,>4_or_unreachable,3,0.23076923076923078,94
valid,concept:bodypartcontainsbodypart,undirected,1,8,0.1702127659574468,241
valid,concept:bodypartcontainsbodypart,undirected,2,5,0.10638297872340426,241
valid,concept:bodypartcontainsbodypart,undirected,3,17,0.3617021276595745,241
valid,concept:bodypartcontainsbodypart,undirected,4,6,0.1276595744680851,241
valid,concept:bodypartcontainsbodypart,undirected,>4_or_unreachable,11,0.23404255319148937,241
valid,concept:bookwriter,undirected,1,7,0.4117647058823529,351
valid,concept:bookwriter,undirected,3,1,0.058823529411764705,351
valid,concept:bookwriter,undirected,>4_or_unreachable,9,0.5294117647058824,351
valid,concept:buildingfeaturemadefrombuildingmaterial,undirected,>4_or_unreachable,1,1.0,27
valid,concept:buildinglocatedincity,undirected,4,1,0.2,99
valid,concept:buildinglocatedincity,undirected,>4_or_unreachable,4,0.8,99
valid,concept:ceoof,undirected,1,6,0.6666666666666666,53
valid,concept:ceoof,undirected,3,1,0.1111111111111111,53
valid,concept:ceoof,undirected,>4_or_unreachable,2,0.2222222222222222,53
valid,concept:chemicalistypeofchemical,undirected,1,13,0.13541666666666666,290
valid,concept:chemicalistypeofchemical,undirected,2,31,0.3229166666666667,290
valid,concept:chemicalistypeofchemical,undirected,3,36,0.375,290
valid,concept:chemicalistypeofchemical,undirected,4,10,0.10416666666666667,290
valid,concept:chemicalistypeofchemical,undirected,>4_or_unreachable,6,0.0625,290
valid,concept:cityalsoknownas,undirected,1,2,0.4,20
valid,concept:cityalsoknownas,undirected,3,1,0.2,20
valid,concept:cityalsoknownas,undirected,>4_or_unreachable,2,0.4,20
valid,concept:citycapitalofcountry,undirected,1,2,0.4,24
valid,concept:citycapitalofcountry,undirected,>4_or_unreachable,3,0.6,24
valid,concept:cityliesonriver,undirected,3,4,0.16666666666666666,232
valid,concept:cityliesonriver,undirected,4,3,0.125,232
valid,concept:cityliesonriver,undirected,>4_or_unreachable,17,0.7083333333333334,232
valid,concept:citylocatedincountry,undirected,1,1,0.08333333333333333,92
valid,concept:citylocatedincountry,undirected,2,1,0.08333333333333333,92
valid,concept:citylocatedincountry,undirected,3,2,0.16666666666666666,92
valid,concept:citylocatedincountry,undirected,4,6,0.5,92
valid,concept:citylocatedincountry,undirected,>4_or_unreachable,2,0.16666666666666666,92
valid,concept:citylocatedingeopoliticallocation,undirected,1,1,0.14285714285714285,38
valid,concept:citylocatedingeopoliticallocation,undirected,3,2,0.2857142857142857,38
valid,concept:citylocatedingeopoliticallocation,undirected,4,2,0.2857142857142857,38
valid,concept:citylocatedingeopoliticallocation,undirected,>4_or_unreachable,2,0.2857142857142857,38
valid,concept:citylocatedinstate,undirected,1,5,0.23809523809523808,132
valid,concept:citylocatedinstate,undirected,3,5,0.23809523809523808,132
valid,concept:citylocatedinstate,undirected,4,2,0.09523809523809523,132
valid,concept:citylocatedinstate,undirected,>4_or_unreachable,9,0.42857142857142855,132
valid,concept:clothingmadefromplant,undirected,2,2,0.3333333333333333,15
valid,concept:clothingmadefromplant,undirected,3,3,0.5,15
valid,concept:clothingmadefromplant,undirected,>4_or_unreachable,1,0.16666666666666666,15
valid,concept:clothingtogowithclothing,undirected,1,23,0.19166666666666668,361
valid,concept:clothingtogowithclothing,undirected,2,52,0.43333333333333335,361
valid,concept:clothingtogowithclothing,undirected,3,41,0.3416666666666667,361
valid,concept:clothingtogowithclothing,undirected,4,4,0.03333333333333333,361
valid,concept:coachesinleague,undirected,3,1,1.0,13
valid,concept:coachesteam,undirected,1,2,0.6666666666666666,20
valid,concept:coachesteam,undirected,4,1,0.3333333333333333,20
valid,concept:coachwontrophy,undirected,3,5,0.5555555555555556,65
valid,concept:coachwontrophy,undirected,4,1,0.1111111111111111,65
valid,concept:coachwontrophy,undirected,>4_or_unreachable,3,0.3333333333333333,65
valid,concept:companyalsoknownas,undirected,4,1,0.5,29
valid,concept:companyalsoknownas,undirected,>4_or_unreachable,1,0.5,29
valid,concept:companyeconomicsector,undirected,3,3,0.13043478260869565,197
valid,concept:companyeconomicsector,undirected,4,1,0.043478260869565216,197
valid,concept:companyeconomicsector,undirected,>4_or_unreachable,19,0.8260869565217391,197
valid,concept:competeswith,undirected,1,8,0.1568627450980392,199
valid,concept:competeswith,undirected,2,5,0.09803921568627451,199
valid,concept:competeswith,undirected,3,20,0.39215686274509803,199
valid,concept:competeswith,undirected,4,6,0.11764705882352941,199
valid,concept:competeswith,undirected,>4_or_unreachable,12,0.23529411764705882,199
valid,concept:conceptprerequisiteof,undirected,>4_or_unreachable,4,1.0,68
valid,concept:countryalsoknownas,undirected,1,7,0.18421052631578946,90
valid,concept:countryalsoknownas,undirected,2,11,0.2894736842105263,90
valid,concept:countryalsoknownas,undirected,3,15,0.39473684210526316,90
valid,concept:countryalsoknownas,undirected,4,4,0.10526315789473684,90
valid,concept:countryalsoknownas,undirected,>4_or_unreachable,1,0.02631578947368421,90
valid,concept:countrycurrency,undirected,3,1,0.25,27
valid,concept:countrycurrency,undirected,4,1,0.25,27
valid,concept:countrycurrency,undirected,>4_or_unreachable,2,0.5,27
valid,concept:countrylocatedingeopoliticallocation,undirected,1,3,0.06521739130434782,139
valid,concept:countrylocatedingeopoliticallocation,undirected,2,9,0.1956521739130435,139
valid,concept:countrylocatedingeopoliticallocation,undirected,3,22,0.4782608695652174,139
valid,concept:countrylocatedingeopoliticallocation,undirected,4,6,0.13043478260869565,139
valid,concept:countrylocatedingeopoliticallocation,undirected,>4_or_unreachable,6,0.13043478260869565,139
valid,concept:drughassideeffect,undirected,3,1,0.16666666666666666,152
valid,concept:drughassideeffect,undirected,>4_or_unreachable,5,0.8333333333333334,152
valid,concept:drugpossiblytreatsphysiologicalcondition,undirected,3,4,1.0,50
valid,concept:drugworkedonbyagent,undirected,3,1,0.16666666666666666,116
valid,concept:drugworkedonbyagent,undirected,4,1,0.16666666666666666,116
valid,concept:drugworkedonbyagent,undirected,>4_or_unreachable,4,0.6666666666666666,116
valid,concept:emotionassociatedwithdisease,undirected,>4_or_unreachable,11,1.0,51
valid,concept:fatherofperson,undirected,1,1,0.2,25
valid,concept:fatherofperson,undirected,>4_or_unreachable,4,0.8,25
valid,concept:fishservedwithfood,undirected,3,2,0.3333333333333333,37
valid,concept:fishservedwithfood,undirected,4,3,0.5,37
valid,concept:fishservedwithfood,undirected,>4_or_unreachable,1,0.16666666666666666,37
valid,concept:foodcancausedisease,undirected,3,1,0.16666666666666666,29
valid,concept:foodcancausedisease,undirected,>4_or_unreachable,5,0.8333333333333334,29
valid,concept:fooddecreasestheriskofdisease,undirected,3,1,0.08333333333333333,58
valid,concept:fooddecreasestheriskofdisease,undirected,>4_or_unreachable,11,0.9166666666666666,58
valid,concept:furniturefoundinroom,undirected,1,2,0.02531645569620253,356
valid,concept:furniturefoundinroom,undirected,3,61,0.7721518987341772,356
valid,concept:furniturefoundinroom,undirected,>4_or_unreachable,16,0.20253164556962025,356
valid,concept:hashusband,undirected,1,2,0.6666666666666666,19
valid,concept:hashusband,undirected,3,1,0.3333333333333333,19
valid,concept:hasofficeincity,undirected,1,2,0.03636363636363636,248
valid,concept:hasofficeincity,undirected,2,2,0.03636363636363636,248
valid,concept:hasofficeincity,undirected,3,20,0.36363636363636365,248
valid,concept:hasofficeincity,undirected,4,7,0.12727272727272726,248
valid,concept:hasofficeincity,undirected,>4_or_unreachable,24,0.43636363636363634,248
valid,concept:hasofficeincountry,undirected,2,1,0.0625,66
valid,concept:hasofficeincountry,undirected,3,10,0.625,66
valid,concept:hasofficeincountry,undirected,4,2,0.125,66
valid,concept:hasofficeincountry,undirected,>4_or_unreachable,3,0.1875,66
valid,concept:hassibling,undirected,2,1,1.0,13
valid,concept:hasspouse,undirected,1,3,1.0,104
valid,concept:haswife,undirected,1,1,1.0,37
valid,concept:headquarteredin,undirected,1,2,0.125,62
valid,concept:headquarteredin,undirected,3,7,0.4375,62
valid,concept:headquarteredin,undirected,4,2,0.125,62
valid,concept:headquarteredin,undirected,>4_or_unreachable,5,0.3125,62
valid,concept:hobbiessuchashobbies,undirected,3,2,0.3333333333333333,29
valid,concept:hobbiessuchashobbies,undirected,>4_or_unreachable,4,0.6666666666666666,29
valid,concept:invertebratefeedonfood,undirected,2,2,0.25,32
valid,concept:invertebratefeedonfood,undirected,3,5,0.625,32
valid,concept:invertebratefeedonfood,undirected,4,1,0.125,32
valid,concept:ismultipleof,undirected,2,1,0.2,20
valid,concept:ismultipleof,undirected,3,2,0.4,20
valid,concept:ismultipleof,undirected,>4_or_unreachable,2,0.4,20
valid,concept:istallerthan,undirected,2,4,0.2857142857142857,51
valid,concept:istallerthan,undirected,3,8,0.5714285714285714,51
valid,concept:istallerthan,undirected,4,1,0.07142857142857142,51
valid,concept:istallerthan,undirected,>4_or_unreachable,1,0.07142857142857142,51
valid,concept:itemfoundinroom,undirected,1,2,0.0273972602739726,424
valid,concept:itemfoundinroom,undirected,3,52,0.7123287671232876,424
valid,concept:itemfoundinroom,undirected,4,1,0.0136986301369863,424
valid,concept:itemfoundinroom,undirected,>4_or_unreachable,18,0.2465753424657534,424
valid,concept:journalistwritesforpublication,undirected,3,8,0.5714285714285714,214
valid,concept:journalistwritesforpublication,undirected,4,1,0.07142857142857142,214
valid,concept:journalistwritesforpublication,undirected,>4_or_unreachable,5,0.35714285714285715,214
valid,concept:languageofcountry,undirected,2,1,0.07142857142857142,62
valid,concept:languageofcountry,undirected,3,12,0.8571428571428571,62
valid,concept:languageofcountry,undirected,>4_or_unreachable,1,0.07142857142857142,62
valid,concept:languageofuniversity,undirected,3,4,0.5,71
valid,concept:languageofuniversity,undirected,4,1,0.125,71
valid,concept:languageofuniversity,undirected,>4_or_unreachable,3,0.375,71
valid,concept:leaguestadiums,undirected,3,3,0.3,46
valid,concept:leaguestadiums,undirected,4,2,0.2,46
valid,concept:leaguestadiums,undirected,>4_or_unreachable,5,0.5,46
valid,concept:locationlocatedwithinlocation,undirected,1,18,0.1836734693877551,359
valid,concept:locationlocatedwithinlocation,undirected,2,18,0.1836734693877551,359
valid,concept:locationlocatedwithinlocation,undirected,3,29,0.29591836734693877,359
valid,concept:locationlocatedwithinlocation,undirected,4,16,0.16326530612244897,359
valid,concept:locationlocatedwithinlocation,undirected,>4_or_unreachable,17,0.17346938775510204,359
valid,concept:mammalsuchasmammal,undirected,1,8,0.47058823529411764,68
valid,concept:mammalsuchasmammal,undirected,2,5,0.29411764705882354,68
valid,concept:mammalsuchasmammal,undirected,3,3,0.17647058823529413,68
valid,concept:mammalsuchasmammal,undirected,>4_or_unreachable,1,0.058823529411764705,68
valid,concept:motherofperson,undirected,>4_or_unreachable,1,1.0,9
valid,concept:musicartistgenre,undirected,2,1,0.0625,132
valid,concept:musicartistgenre,undirected,3,2,0.125,132
valid,concept:musicartistgenre,undirected,4,1,0.0625,132
valid,concept:musicartistgenre,undirected,>4_or_unreachable,12,0.75,132
valid,concept:musicgenressuchasmusicgenres,undirected,3,2,0.5,27
valid,concept:musicgenressuchasmusicgenres,undirected,>4_or_unreachable,2,0.5,27
valid,concept:musicianinmusicartist,undirected,>4_or_unreachable,3,1.0,98
valid,concept:musicianplaysinstrument,undirected,3,4,0.3333333333333333,125
valid,concept:musicianplaysinstrument,undirected,>4_or_unreachable,8,0.6666666666666666,125
valid,concept:mutualproxyfor,undirected,1,31,0.30392156862745096,586
valid,concept:mutualproxyfor,undirected,2,4,0.0392156862745098,586
valid,concept:mutualproxyfor,undirected,3,36,0.35294117647058826,586
valid,concept:mutualproxyfor,undirected,4,11,0.10784313725490197,586
valid,concept:mutualproxyfor,undirected,>4_or_unreachable,20,0.19607843137254902,586
valid,concept:newspaperincity,undirected,2,1,0.2,23
valid,concept:newspaperincity,undirected,3,2,0.4,23
valid,concept:newspaperincity,undirected,4,1,0.2,23
valid,concept:newspaperincity,undirected,>4_or_unreachable,1,0.2,23
valid,concept:objectfoundinscene,undirected,3,1,0.5,27
valid,concept:objectfoundinscene,undirected,>4_or_unreachable,1,0.5,27
valid,concept:objectpartofobject,undirected,>4_or_unreachable,2,1.0,35
valid,concept:organizationacronymhasname,undirected,3,1,0.2,61
valid,concept:organizationacronymhasname,undirected,4,3,0.6,61
valid,concept:organizationacronymhasname,undirected,>4_or_unreachable,1,0.2,61
valid,concept:organizationalsoknownas,undirected,1,2,0.25,35
valid,concept:organizationalsoknownas,undirected,4,1,0.125,35
valid,concept:organizationalsoknownas,undirected,>4_or_unreachable,5,0.625,35
valid,concept:organizationdissolvedatdate,undirected,3,5,0.625,30
valid,concept:organizationdissolvedatdate,undirected,4,1,0.125,30
valid,concept:organizationdissolvedatdate,undirected,>4_or_unreachable,2,0.25,30
valid,concept:organizationheadquarteredincity,undirected,1,2,0.13333333333333333,93
valid,concept:organizationheadquarteredincity,undirected,2,2,0.13333333333333333,93
valid,concept:organizationheadquarteredincity,undirected,3,2,0.13333333333333333,93
valid,concept:organizationheadquarteredincity,undirected,>4_or_unreachable,9,0.6,93
valid,concept:organizationheadquarteredincountry,undirected,1,1,0.09090909090909091,67
valid,concept:organizationheadquarteredincountry,undirected,3,4,0.36363636363636365,67
valid,concept:organizationheadquarteredincountry,undirected,4,4,0.36363636363636365,67
valid,concept:organizationheadquarteredincountry,undirected,>4_or_unreachable,2,0.18181818181818182,67
valid,concept:organizationheadquarteredinstateorprovince,undirected,2,2,0.2222222222222222,29
valid,concept:organizationheadquarteredinstateorprovince,undirected,3,2,0.2222222222222222,29
valid,concept:organizationheadquarteredinstateorprovince,undirected,4,4,0.4444444444444444,29
valid,concept:organizationheadquarteredinstateorprovince,undirected,>4_or_unreachable,1,0.1111111111111111,29
valid,concept:organizationhiredperson,undirected,1,8,0.27586206896551724,192
valid,concept:organizationhiredperson,undirected,2,1,0.034482758620689655,192
valid,concept:organizationhiredperson,undirected,3,5,0.1724137931034483,192
valid,concept:organizationhiredperson,undirected,4,5,0.1724137931034483,192
valid,concept:organizationhiredperson,undirected,>4_or_unreachable,10,0.3448275862068966,192
valid,concept:organizationterminatedperson,undirected,1,10,0.625,133
valid,concept:organizationterminatedperson,undirected,3,1,0.0625,133
valid,concept:organizationterminatedperson,undirected,4,1,0.0625,133
valid,concept:organizationterminatedperson,undirected,>4_or_unreachable,4,0.25,133
valid,concept:parentofperson,undirected,1,1,0.14285714285714285,54
valid,concept:parentofperson,undirected,3,1,0.14285714285714285,54
valid,concept:parentofperson,undirected,4,1,0.14285714285714285,54
valid,concept:parentofperson,undirected,>4_or_unreachable,4,0.5714285714285714,54
valid,concept:parkincity,undirected,3,1,1.0,43
valid,concept:personalsoknownas,undirected,1,1,0.1111111111111111,48
valid,concept:personalsoknownas,undirected,2,5,0.5555555555555556,48
valid,concept:personalsoknownas,undirected,3,3,0.3333333333333333,48
valid,concept:personbelongstoorganization,undirected,1,3,0.14285714285714285,162
valid,concept:personbelongstoorganization,undirected,2,1,0.047619047619047616,162
valid,concept:personbelongstoorganization,undirected,3,10,0.47619047619047616,162
valid,concept:personbelongstoorganization,undirected,4,2,0.09523809523809523,162
valid,concept:personbelongstoorganization,undirected,>4_or_unreachable,5,0.23809523809523808,162
valid,concept:personbornincity,undirected,1,3,0.1875,99
valid,concept:personbornincity,undirected,3,7,0.4375,99
valid,concept:personbornincity,undirected,4,4,0.25,99
valid,concept:personbornincity,undirected,>4_or_unreachable,2,0.125,99
valid,concept:personborninlocation,undirected,1,2,0.16666666666666666,66
valid,concept:personborninlocation,undirected,3,5,0.4166666666666667,66
valid,concept:personborninlocation,undirected,>4_or_unreachable,5,0.4166666666666667,66
valid,concept:personchargedwithcrime,undirected,3,1,0.14285714285714285,52
valid,concept:personchargedwithcrime,undirected,>4_or_unreachable,6,0.8571428571428571,52
valid,concept:persondiedincountry,undirected,>4_or_unreachable,2,1.0,174
valid,concept:persongraduatedfromuniversity,undirected,1,2,0.07142857142857142,106
valid,concept:persongraduatedfromuniversity,undirected,3,17,0.6071428571428571,106
valid,concept:persongraduatedfromuniversity,undirected,4,3,0.10714285714285714,106
valid,concept:persongraduatedfromuniversity,undirected,>4_or_unreachable,6,0.21428571428571427,106
valid,concept:persongraduatedschool,undirected,1,6,0.2727272727272727,80
valid,concept:persongraduatedschool,undirected,2,1,0.045454545454545456,80
valid,concept:persongraduatedschool,undirected,3,12,0.5454545454545454,80
valid,concept:persongraduatedschool,undirected,>4_or_unreachable,3,0.13636363636363635,80
valid,concept:personhascitizenship,undirected,3,12,0.631578947368421,58
valid,concept:personhascitizenship,undirected,4,1,0.05263157894736842,58
valid,concept:personhascitizenship,undirected,>4_or_unreachable,6,0.3157894736842105,58
valid,concept:personhasjobposition,undirected,3,2,0.2857142857142857,101
valid,concept:personhasjobposition,undirected,>4_or_unreachable,5,0.7142857142857143,101
valid,concept:personhasresidenceingeopoliticallocation,undirected,3,5,0.5,57
valid,concept:personhasresidenceingeopoliticallocation,undirected,4,3,0.3,57
valid,concept:personhasresidenceingeopoliticallocation,undirected,>4_or_unreachable,2,0.2,57
valid,concept:personleadsgeopoliticalorganization,undirected,1,2,0.3333333333333333,23
valid,concept:personleadsgeopoliticalorganization,undirected,2,1,0.16666666666666666,23
valid,concept:personleadsgeopoliticalorganization,undirected,3,1,0.16666666666666666,23
valid,concept:personleadsgeopoliticalorganization,undirected,4,1,0.16666666666666666,23
valid,concept:personleadsgeopoliticalorganization,undirected,>4_or_unreachable,1,0.16666666666666666,23
valid,concept:personleadsorganization,undirected,1,5,0.3125,95
valid,concept:personleadsorganization,undirected,3,4,0.25,95
valid,concept:personleadsorganization,undirected,>4_or_unreachable,7,0.4375,95
valid,concept:personmovedtostateorprovince,undirected,3,6,0.42857142857142855,41
valid,concept:personmovedtostateorprovince,undirected,4,5,0.35714285714285715,41
valid,concept:personmovedtostateorprovince,undirected,>4_or_unreachable,3,0.21428571428571427,41
valid,concept:plantgrowinginplant,undirected,3,1,0.5,19
valid,concept:plantgrowinginplant,undirected,>4_or_unreachable,1,0.5,19
valid,concept:plantincludeplant,undirected,1,12,0.34285714285714286,153
valid,concept:plantincludeplant,undirected,2,3,0.08571428571428572,153
valid,concept:plantincludeplant,undirected,3,11,0.3142857142857143,153
valid,concept:plantincludeplant,undirected,4,1,0.02857142857142857,153
valid,concept:plantincludeplant,undirected,>4_or_unreachable,8,0.22857142857142856,153
valid,concept:plantrepresentemotion,undirected,>4_or_unreachable,2,1.0,19
valid,concept:politicianholdsoffice,undirected,2,1,0.08333333333333333,83
valid,concept:politicianholdsoffice,undirected,3,6,0.5,83
valid,concept:politicianholdsoffice,undirected,4,3,0.25,83
valid,concept:politicianholdsoffice,undirected,>4_or_unreachable,2,0.16666666666666666,83
valid,concept:politicianrepresentslocation,undirected,3,6,0.5,87
valid,concept:politicianrepresentslocation,undirected,4,3,0.25,87
valid,concept:politicianrepresentslocation,undirected,>4_or_unreachable,3,0.25,87
valid,concept:politicianusendorsedbypoliticianus,undirected,1,8,0.17777777777777778,167
valid,concept:politicianusendorsedbypoliticianus,undirected,2,13,0.28888888888888886,167
valid,concept:politicianusendorsedbypoliticianus,undirected,3,17,0.37777777777777777,167
valid,concept:politicianusendorsedbypoliticianus,undirected,4,4,0.08888888888888889,167
valid,concept:politicianusendorsedbypoliticianus,undirected,>4_or_unreachable,3,0.06666666666666667,167
valid,concept:politicianusholdsoffice,undirected,2,1,0.1111111111111111,49
valid,concept:politicianusholdsoffice,undirected,3,4,0.4444444444444444,49
valid,concept:politicianusholdsoffice,undirected,4,1,0.1111111111111111,49
valid,concept:politicianusholdsoffice,undirected,>4_or_unreachable,3,0.3333333333333333,49
valid,concept:politicianusmemberofpoliticalgroup,undirected,2,2,0.4,56
valid,concept:politicianusmemberofpoliticalgroup,undirected,3,2,0.4,56
valid,concept:politicianusmemberofpoliticalgroup,undirected,>4_or_unreachable,1,0.2,56
valid,concept:producesproduct,undirected,1,2,0.6666666666666666,65
valid,concept:producesproduct,undirected,>4_or_unreachable,1,0.3333333333333333,65
valid,concept:professionistypeofprofession,undirected,1,25,0.1953125,432
valid,concept:professionistypeofprofession,undirected,2,49,0.3828125,432
valid,concept:professionistypeofprofession,undirected,3,49,0.3828125,432
valid,concept:professionistypeofprofession,undirected,4,4,0.03125,432
valid,concept:professionistypeofprofession,undirected,>4_or_unreachable,1,0.0078125,432
valid,concept:professionusestool,undirected,2,2,0.25,27
valid,concept:professionusestool,undirected,3,5,0.625,27
valid,concept:professionusestool,undirected,>4_or_unreachable,1,0.125,27
valid,concept:proxyfor,undirected,1,36,0.225,868
valid,concept:proxyfor,undirected,2,8,0.05,868
valid,concept:proxyfor,undirected,3,72,0.45,868
valid,concept:proxyfor,undirected,4,13,0.08125,868
valid,concept:proxyfor,undirected,>4_or_unreachable,31,0.19375,868
valid,concept:radiostationincity,undirected,1,2,1.0,38
valid,concept:riveremptiesintoriver,undirected,1,3,0.5,53
valid,concept:riveremptiesintoriver,undirected,3,1,0.16666666666666666,53
valid,concept:riveremptiesintoriver,undirected,>4_or_unreachable,2,0.3333333333333333,53
valid,concept:specializationof,undirected,1,2,0.2,42
valid,concept:specializationof,undirected,2,1,0.1,42
valid,concept:specializationof,undirected,3,1,0.1,42
valid,concept:specializationof,undirected,4,2,0.2,42
valid,concept:specializationof,undirected,>4_or_unreachable,4,0.4,42
valid,concept:sportfansincountry,undirected,1,3,0.3,43
valid,concept:sportfansincountry,undirected,3,6,0.6,43
valid,concept:sportfansincountry,undirected,>4_or_unreachable,1,0.1,43
valid,concept:sporthassportsteamposition,undirected,>4_or_unreachable,2,1.0,31
valid,concept:sportschoolincountry,undirected,3,5,0.7142857142857143,51
valid,concept:sportschoolincountry,undirected,4,1,0.14285714285714285,51
valid,concept:sportschoolincountry,undirected,>4_or_unreachable,1,0.14285714285714285,51
valid,concept:sportsgameteam,undirected,2,25,0.5319148936170213,142
valid,concept:sportsgameteam,undirected,3,17,0.3617021276595745,142
valid,concept:sportsgameteam,undirected,4,5,0.10638297872340426,142
valid,concept:sportsgamewinner,undirected,2,2,0.4,36
valid,concept:sportsgamewinner,undirected,3,2,0.4,36
valid,concept:sportsgamewinner,undirected,>4_or_unreachable,1,0.2,36
valid,concept:sportusesequipment,undirected,3,6,0.6,98
valid,concept:sportusesequipment,undirected,4,2,0.2,98
valid,concept:sportusesequipment,undirected,>4_or_unreachable,2,0.2,98
valid,concept:sportusesstadium,undirected,4,2,0.6666666666666666,29
valid,concept:sportusesstadium,undirected,>4_or_unreachable,1,0.3333333333333333,29
valid,concept:stadiumlocatedincity,undirected,>4_or_unreachable,4,1.0,67
valid,concept:statehascapital,undirected,2,1,0.25,15
valid,concept:statehascapital,undirected,3,2,0.5,15
valid,concept:statehascapital,undirected,>4_or_unreachable,1,0.25,15
valid,concept:statelocatedincountry,undirected,1,1,0.25,26
valid,concept:statelocatedincountry,undirected,2,2,0.5,26
valid,concept:statelocatedincountry,undirected,3,1,0.25,26
valid,concept:statelocatedingeopoliticallocation,undirected,1,1,0.029411764705882353,106
valid,concept:statelocatedingeopoliticallocation,undirected,2,2,0.058823529411764705,106
valid,concept:statelocatedingeopoliticallocation,undirected,3,21,0.6176470588235294,106
valid,concept:statelocatedingeopoliticallocation,undirected,4,7,0.20588235294117646,106
valid,concept:statelocatedingeopoliticallocation,undirected,>4_or_unreachable,3,0.08823529411764706,106
valid,concept:stateorprovinceisborderedbystateorprovince,undirected,2,5,0.5,32
valid,concept:stateorprovinceisborderedbystateorprovince,undirected,3,3,0.3,32
valid,concept:stateorprovinceisborderedbystateorprovince,undirected,4,1,0.1,32
valid,concept:stateorprovinceisborderedbystateorprovince,undirected,>4_or_unreachable,1,0.1,32
valid,concept:subpartof,undirected,1,26,0.18840579710144928,673
valid,concept:subpartof,undirected,2,7,0.050724637681159424,673
valid,concept:subpartof,undirected,3,53,0.38405797101449274,673
valid,concept:subpartof,undirected,4,15,0.10869565217391304,673
valid,concept:subpartof,undirected,>4_or_unreachable,37,0.26811594202898553,673
valid,concept:subpartoforganization,undirected,2,2,0.043478260869565216,345
valid,concept:subpartoforganization,undirected,3,24,0.5217391304347826,345
valid,concept:subpartoforganization,undirected,4,3,0.06521739130434782,345
valid,concept:subpartoforganization,undirected,>4_or_unreachable,17,0.3695652173913043,345
valid,concept:synonymfor,undirected,1,3,0.13636363636363635,101
valid,concept:synonymfor,undirected,2,2,0.09090909090909091,101
valid,concept:synonymfor,undirected,3,10,0.45454545454545453,101
valid,concept:synonymfor,undirected,4,3,0.13636363636363635,101
valid,concept:synonymfor,undirected,>4_or_unreachable,4,0.18181818181818182,101
valid,concept:teamalsoknownas,undirected,1,2,0.4,28
valid,concept:teamalsoknownas,undirected,2,2,0.4,28
valid,concept:teamalsoknownas,undirected,3,1,0.2,28
valid,concept:teamhomestadium,undirected,4,1,0.3333333333333333,29
valid,concept:teamhomestadium,undirected,>4_or_unreachable,2,0.6666666666666666,29
valid,concept:teamplaysagainstteam,undirected,1,41,0.1626984126984127,584
valid,concept:teamplaysagainstteam,undirected,2,129,0.5119047619047619,584
valid,concept:teamplaysagainstteam,undirected,3,60,0.23809523809523808,584
valid,concept:teamplaysagainstteam,undirected,4,9,0.03571428571428571,584
valid,concept:teamplaysagainstteam,undirected,>4_or_unreachable,13,0.051587301587301584,584
valid,concept:teamplaysincity,undirected,2,2,0.2857142857142857,60
valid,concept:teamplaysincity,undirected,3,1,0.14285714285714285,60
valid,concept:teamplaysincity,undirected,4,1,0.14285714285714285,60
valid,concept:teamplaysincity,undirected,>4_or_unreachable,3,0.42857142857142855,60
valid,concept:teamplaysinleague,undirected,2,3,0.13636363636363635,158
valid,concept:teamplaysinleague,undirected,3,16,0.7272727272727273,158
valid,concept:teamplaysinleague,undirected,4,2,0.09090909090909091,158
valid,concept:teamplaysinleague,undirected,>4_or_unreachable,1,0.045454545454545456,158
valid,concept:teamplayssport,undirected,2,10,0.43478260869565216,34
valid,concept:teamplayssport,undirected,3,7,0.30434782608695654,34
valid,concept:teamplayssport,undirected,4,1,0.043478260869565216,34
valid,concept:teamplayssport,undirected,>4_or_unreachable,5,0.21739130434782608,34
valid,concept:teamwontrophy,undirected,2,6,0.2857142857142857,50
valid,concept:teamwontrophy,undirected,3,14,0.6666666666666666,50
valid,concept:teamwontrophy,undirected,4,1,0.047619047619047616,50
valid,concept:televisionstationaffiliatedwith,undirected,3,16,0.7619047619047619,162
valid,concept:televisionstationaffiliatedwith,undirected,>4_or_unreachable,5,0.23809523809523808,162
valid,concept:televisionstationincity,undirected,1,3,0.6,35
valid,concept:televisionstationincity,undirected,4,1,0.2,35
valid,concept:televisionstationincity,undirected,>4_or_unreachable,1,0.2,35
valid,concept:thinghascolor,undirected,3,1,0.09090909090909091,35
valid,concept:thinghascolor,undirected,>4_or_unreachable,10,0.9090909090909091,35
valid,concept:thinghasshape,undirected,2,1,0.14285714285714285,37
valid,concept:thinghasshape,undirected,>4_or_unreachable,6,0.8571428571428571,37
valid,concept:topmemberoforganization,undirected,1,8,0.6666666666666666,56
valid,concept:topmemberoforganization,undirected,>4_or_unreachable,4,0.3333333333333333,56
valid,concept:visualartistartform,undirected,3,7,0.3684210526315789,80
valid,concept:visualartistartform,undirected,>4_or_unreachable,12,0.631578947368421,80
valid,concept:weaponmadeincountry,undirected,2,2,0.14285714285714285,63
valid,concept:weaponmadeincountry,undirected,3,8,0.5714285714285714,63
valid,concept:weaponmadeincountry,undirected,4,1,0.07142857142857142,63
valid,concept:weaponmadeincountry,undirected,>4_or_unreachable,3,0.21428571428571427,63
valid,concept:weaponssuchasweapons,undirected,>4_or_unreachable,2,1.0,164
valid,concept:worksfor,undirected,1,3,0.14285714285714285,187
valid,concept:worksfor,undirected,2,1,0.047619047619047616,187
valid,concept:worksfor,undirected,3,6,0.2857142857142857,187
valid,concept:worksfor,undirected,4,3,0.14285714285714285,187
valid,concept:worksfor,undirected,>4_or_unreachable,8,0.38095238095238093,187
